,precinct,office,district,candidate,votes
0,City of Coleman Precinct 1,United States Senator,,John James,349
1,City of Coleman Precinct 1,United States Senator,,Valerie L. Willis,9
2,City of Coleman Precinct 1,United States Senator,,Marcia Squier,3
3,City of Coleman Precinct 1,United States Senator,,Doug Dern,3
4,City of Coleman Precinct 1,United States Senator,,Total write-in,1
5,City of Midland Ward 1 Precinct 1,United States Senator,,John James,341
6,City of Midland Ward 1 Precinct 1,United States Senator,,Valerie L. Willis,6
7,City of Midland Ward 1 Precinct 1,United States Senator,,Marcia Squier,6
8,City of Midland Ward 1 Precinct 1,United States Senator,,Doug Dern,1
9,City of Midland Ward 1 Precinct 1,United States Senator,,Total write-in,1
10,City of Midland Ward 1 Precinct 2,United States Senator,,John James,549
11,City of Midland Ward 1 Precinct 2,United States Senator,,Valerie L. Willis,7
12,City of Midland Ward 1 Precinct 2,United States Senator,,Marcia Squier,10
13,City of Midland Ward 1 Precinct 2,United States Senator,,Doug Dern,0
14,City of Midland Ward 1 Precinct 2,United States Senator,,Total write-in,1
15,City of Midland Ward 1 Precinct 3,United States Senator,,John James,174
16,City of Midland Ward 1 Precinct 3,United States Senator,,Valerie L. Willis,3
17,City of Midland Ward 1 Precinct 3,United States Senator,,Marcia Squier,1
18,City of Midland Ward 1 Precinct 3,United States Senator,,Doug Dern,0
19,City of Midland Ward 1 Precinct 3,United States Senator,,Total write-in,2
20,City of Midland Ward 1 Precinct 4,United States Senator,,John James,524
21,City of Midland Ward 1 Precinct 4,United States Senator,,Valerie L. Willis,6
22,City of Midland Ward 1 Precinct 4,United States Senator,,Marcia Squier,9
23,City of Midland Ward 1 Precinct 4,United States Senator,,Doug Dern,7
24,City of Midland Ward 1 Precinct 4,United States Senator,,Total write-in,3
25,City of Midland Ward 1 Precinct 5,United States Senator,,John James,350
26,City of Midland Ward 1 Precinct 5,United States Senator,,Valerie L. Willis,8
27,City of Midland Ward 1 Precinct 5,United States Senator,,Marcia Squier,5
28,City of Midland Ward 1 Precinct 5,United States Senator,,Doug Dern,1
29,City of Midland Ward 1 Precinct 5,United States Senator,,Total write-in,0
30,City of Midland Ward 1 Precinct 6,United States Senator,,John James,37
31,City of Midland Ward 1 Precinct 6,United States Senator,,Valerie L. Willis,0
32,City of Midland Ward 1 Precinct 6,United States Senator,,Marcia Squier,1
33,City of Midland Ward 1 Precinct 6,United States Senator,,Doug Dern,0
34,City of Midland Ward 1 Precinct 6,United States Senator,,Total write-in,0
35,City of Midland Ward 2 Precinct 1,United States Senator,,John James,476
36,City of Midland Ward 2 Precinct 1,United States Senator,,Valerie L. Willis,3
37,City of Midland Ward 2 Precinct 1,United States Senator,,Marcia Squier,6
38,City of Midland Ward 2 Precinct 1,United States Senator,,Doug Dern,1
39,City of Midland Ward 2 Precinct 1,United States Senator,,Total write-in,0
40,City of Midland Ward 2 Precinct 2,United States Senator,,John James,562
41,City of Midland Ward 2 Precinct 2,United States Senator,,Valerie L. Willis,7
42,City of Midland Ward 2 Precinct 2,United States Senator,,Marcia Squier,6
43,City of Midland Ward 2 Precinct 2,United States Senator,,Doug Dern,3
44,City of Midland Ward 2 Precinct 2,United States Senator,,Total write-in,0
45,City of Midland Ward 2 Precinct 3,United States Senator,,John James,435
46,City of Midland Ward 2 Precinct 3,United States Senator,,Valerie L. Willis,8
47,City of Midland Ward 2 Precinct 3,United States Senator,,Marcia Squier,11
48,City of Midland Ward 2 Precinct 3,United States Senator,,Doug Dern,6
49,City of Midland Ward 2 Precinct 3,United States Senator,,Total write-in,1
50,City of Midland Ward 2 Precinct 4,United States Senator,,John James,673
51,City of Midland Ward 2 Precinct 4,United States Senator,,Valerie L. Willis,10
52,City of Midland Ward 2 Precinct 4,United States Senator,,Marcia Squier,11
53,City of Midland Ward 2 Precinct 4,United States Senator,,Doug Dern,2
54,City of Midland Ward 2 Precinct 4,United States Senator,,Total write-in,1
55,City of Midland Ward 3 Precinct 1,United States Senator,,John James,596
56,City of Midland Ward 3 Precinct 1,United States Senator,,Valerie L. Willis,6
57,City of Midland Ward 3 Precinct 1,United States Senator,,Marcia Squier,2
58,City of Midland Ward 3 Precinct 1,United States Senator,,Doug Dern,2
59,City of Midland Ward 3 Precinct 1,United States Senator,,Total write-in,0
60,City of Midland Ward 3 Precinct 2,United States Senator,,John James,592
61,City of Midland Ward 3 Precinct 2,United States Senator,,Valerie L. Willis,11
62,City of Midland Ward 3 Precinct 2,United States Senator,,Marcia Squier,11
63,City of Midland Ward 3 Precinct 2,United States Senator,,Doug Dern,3
64,City of Midland Ward 3 Precinct 2,United States Senator,,Total write-in,2
65,City of Midland Ward 3 Precinct 3,United States Senator,,John James,641
66,City of Midland Ward 3 Precinct 3,United States Senator,,Valerie L. Willis,6
67,City of Midland Ward 3 Precinct 3,United States Senator,,Marcia Squier,14
68,City of Midland Ward 3 Precinct 3,United States Senator,,Doug Dern,5
69,City of Midland Ward 3 Precinct 3,United States Senator,,Total write-in,0
70,City of Midland Ward 3 Precinct 4,United States Senator,,John James,833
71,City of Midland Ward 3 Precinct 4,United States Senator,,Valerie L. Willis,10
72,City of Midland Ward 3 Precinct 4,United States Senator,,Marcia Squier,5
73,City of Midland Ward 3 Precinct 4,United States Senator,,Doug Dern,2
74,City of Midland Ward 3 Precinct 4,United States Senator,,Total write-in,0
75,City of Midland Ward 4 Precinct 1,United States Senator,,John James,643
76,City of Midland Ward 4 Precinct 1,United States Senator,,Valerie L. Willis,6
77,City of Midland Ward 4 Precinct 1,United States Senator,,Marcia Squier,7
78,City of Midland Ward 4 Precinct 1,United States Senator,,Doug Dern,1
79,City of Midland Ward 4 Precinct 1,United States Senator,,Total write-in,2
80,City of Midland Ward 4 Precinct 2,United States Senator,,John James,440
81,City of Midland Ward 4 Precinct 2,United States Senator,,Valerie L. Willis,3
82,City of Midland Ward 4 Precinct 2,United States Senator,,Marcia Squier,2
83,City of Midland Ward 4 Precinct 2,United States Senator,,Doug Dern,0
84,City of Midland Ward 4 Precinct 2,United States Senator,,Total write-in,0
85,City of Midland Ward 4 Precinct 3,United States Senator,,John James,754
86,City of Midland Ward 4 Precinct 3,United States Senator,,Valerie L. Willis,2
87,City of Midland Ward 4 Precinct 3,United States Senator,,Marcia Squier,6
88,City of Midland Ward 4 Precinct 3,United States Senator,,Doug Dern,1
89,City of Midland Ward 4 Precinct 3,United States Senator,,Total write-in,0
90,City of Midland Ward 4 Precinct 4,United States Senator,,John James,635
91,City of Midland Ward 4 Precinct 4,United States Senator,,Valerie L. Willis,4
92,City of Midland Ward 4 Precinct 4,United States Senator,,Marcia Squier,3
93,City of Midland Ward 4 Precinct 4,United States Senator,,Doug Dern,0
94,City of Midland Ward 4 Precinct 4,United States Senator,,Total write-in,0
95,City of Midland Ward 4 Precinct 5,United States Senator,,John James,603
96,City of Midland Ward 4 Precinct 5,United States Senator,,Valerie L. Willis,3
97,City of Midland Ward 4 Precinct 5,United States Senator,,Marcia Squier,5
98,City of Midland Ward 4 Precinct 5,United States Senator,,Doug Dern,2
99,City of Midland Ward 4 Precinct 5,United States Senator,,Total write-in,2
100,City of Midland Ward 5 Precinct 1,United States Senator,,John James,559
101,City of Midland Ward 5 Precinct 1,United States Senator,,Valerie L. Willis,7
102,City of Midland Ward 5 Precinct 1,United States Senator,,Marcia Squier,4
103,City of Midland Ward 5 Precinct 1,United States Senator,,Doug Dern,0
104,City of Midland Ward 5 Precinct 1,United States Senator,,Total write-in,0
105,City of Midland Ward 5 Precinct 2,United States Senator,,John James,514
106,City of Midland Ward 5 Precinct 2,United States Senator,,Valerie L. Willis,7
107,City of Midland Ward 5 Precinct 2,United States Senator,,Marcia Squier,4
108,City of Midland Ward 5 Precinct 2,United States Senator,,Doug Dern,5
109,City of Midland Ward 5 Precinct 2,United States Senator,,Total write-in,0
110,City of Midland Ward 5 Precinct 3,United States Senator,,John James,545
111,City of Midland Ward 5 Precinct 3,United States Senator,,Valerie L. Willis,5
112,City of Midland Ward 5 Precinct 3,United States Senator,,Marcia Squier,6
113,City of Midland Ward 5 Precinct 3,United States Senator,,Doug Dern,1
114,City of Midland Ward 5 Precinct 3,United States Senator,,Total write-in,0
115,City of Midland Ward 5 Precinct 4,United States Senator,,John James,483
116,City of Midland Ward 5 Precinct 4,United States Senator,,Valerie L. Willis,3
117,City of Midland Ward 5 Precinct 4,United States Senator,,Marcia Squier,3
118,City of Midland Ward 5 Precinct 4,United States Senator,,Doug Dern,0
119,City of Midland Ward 5 Precinct 4,United States Senator,,Total write-in,1
120,City of Midland Ward 5 Precinct 5,United States Senator,,John James,484
121,City of Midland Ward 5 Precinct 5,United States Senator,,Valerie L. Willis,13
122,City of Midland Ward 5 Precinct 5,United States Senator,,Marcia Squier,7
123,City of Midland Ward 5 Precinct 5,United States Senator,,Doug Dern,1
124,City of Midland Ward 5 Precinct 5,United States Senator,,Total write-in,0
125,Edenville Township Precinct 1,United States Senator,,John James,"1,026"
126,Edenville Township Precinct 1,United States Senator,,Valerie L. Willis,8
127,Edenville Township Precinct 1,United States Senator,,Marcia Squier,6
128,Edenville Township Precinct 1,United States Senator,,Doug Dern,1
129,Edenville Township Precinct 1,United States Senator,,Total write-in,0
130,Geneva Township Precinct 1,United States Senator,,John James,399
131,Geneva Township Precinct 1,United States Senator,,Valerie L. Willis,5
132,Geneva Township Precinct 1,United States Senator,,Marcia Squier,3
133,Geneva Township Precinct 1,United States Senator,,Doug Dern,2
134,Geneva Township Precinct 1,United States Senator,,Total write-in,0
135,Greendale Township Precinct 1,United States Senator,,John James,658
136,Greendale Township Precinct 1,United States Senator,,Valerie L. Willis,3
137,Greendale Township Precinct 1,United States Senator,,Marcia Squier,8
138,Greendale Township Precinct 1,United States Senator,,Doug Dern,0
139,Greendale Township Precinct 1,United States Senator,,Total write-in,0
140,Homer Township Precinct 1,United States Senator,,Gary Peters,306
141,Homer Township Precinct 1,United States Senator,,John James,450
142,Homer Township Precinct 1,United States Senator,,Valerie L. Willis,9
143,Homer Township Precinct 1,United States Senator,,Marcia Squier,1
144,Homer Township Precinct 1,United States Senator,,Doug Dern,0
145,Homer Township Precinct 1,United States Senator,,Total write-in,1
146,Homer Township Precinct 2,United States Senator,,Gary Peters,283
147,Homer Township Precinct 2,United States Senator,,John James,462
148,Homer Township Precinct 2,United States Senator,,Valerie L. Willis,9
149,Homer Township Precinct 2,United States Senator,,Marcia Squier,6
150,Homer Township Precinct 2,United States Senator,,Doug Dern,0
151,Homer Township Precinct 2,United States Senator,,Total write-in,0
152,Homer Township Precinct 3,United States Senator,,Gary Peters,355
153,Homer Township Precinct 3,United States Senator,,John James,616
154,Homer Township Precinct 3,United States Senator,,Valerie L. Willis,1
155,Homer Township Precinct 3,United States Senator,,Marcia Squier,3
156,Homer Township Precinct 3,United States Senator,,Doug Dern,4
157,Homer Township Precinct 3,United States Senator,,Total write-in,0
158,Hope Township Precinct 1,United States Senator,,Gary Peters,262
159,Hope Township Precinct 1,United States Senator,,John James,626
160,Hope Township Precinct 1,United States Senator,,Valerie L. Willis,9
161,Hope Township Precinct 1,United States Senator,,Marcia Squier,2
162,Hope Township Precinct 1,United States Senator,,Doug Dern,1
163,Hope Township Precinct 1,United States Senator,,Total write-in,1
164,Ingersoll Township Precinct 1,United States Senator,,Gary Peters,336
165,Ingersoll Township Precinct 1,United States Senator,,John James,621
166,Ingersoll Township Precinct 1,United States Senator,,Valerie L. Willis,5
167,Ingersoll Township Precinct 1,United States Senator,,Marcia Squier,8
168,Ingersoll Township Precinct 1,United States Senator,,Doug Dern,0
169,Ingersoll Township Precinct 1,United States Senator,,Total write-in,0
170,Ingersoll Township Precinct 2,United States Senator,,Gary Peters,236
171,Ingersoll Township Precinct 2,United States Senator,,John James,444
172,Ingersoll Township Precinct 2,United States Senator,,Valerie L. Willis,3
173,Ingersoll Township Precinct 2,United States Senator,,Marcia Squier,1
174,Ingersoll Township Precinct 2,United States Senator,,Doug Dern,3
175,Ingersoll Township Precinct 2,United States Senator,,Total write-in,0
176,Jasper Township Precinct 1,United States Senator,,Gary Peters,185
177,Jasper Township Precinct 1,United States Senator,,John James,387
178,Jasper Township Precinct 1,United States Senator,,Valerie L. Willis,3
179,Jasper Township Precinct 1,United States Senator,,Marcia Squier,3
180,Jasper Township Precinct 1,United States Senator,,Doug Dern,3
181,Jasper Township Precinct 1,United States Senator,,Total write-in,1
182,Jerome Township Precinct 1,United States Senator,,Gary Peters,137
183,Jerome Township Precinct 1,United States Senator,,John James,264
184,Jerome Township Precinct 1,United States Senator,,Valerie L. Willis,4
185,Jerome Township Precinct 1,United States Senator,,Marcia Squier,0
186,Jerome Township Precinct 1,United States Senator,,Doug Dern,2
187,Jerome Township Precinct 1,United States Senator,,Total write-in,0
188,Jerome Township Precinct 2,United States Senator,,Gary Peters,327
189,Jerome Township Precinct 2,United States Senator,,John James,508
190,Jerome Township Precinct 2,United States Senator,,Valerie L. Willis,5
191,Jerome Township Precinct 2,United States Senator,,Marcia Squier,3
192,Jerome Township Precinct 2,United States Senator,,Doug Dern,1
193,Jerome Township Precinct 2,United States Senator,,Total write-in,1
194,Jerome Township Precinct 3,United States Senator,,Gary Peters,125
195,Jerome Township Precinct 3,United States Senator,,John James,239
196,Jerome Township Precinct 3,United States Senator,,Valerie L. Willis,3
197,Jerome Township Precinct 3,United States Senator,,Marcia Squier,0
198,Jerome Township Precinct 3,United States Senator,,Doug Dern,2
199,Jerome Township Precinct 3,United States Senator,,Total write-in,0
200,Jerome Township Precinct 4,United States Senator,,Gary Peters,297
201,Jerome Township Precinct 4,United States Senator,,John James,618
202,Jerome Township Precinct 4,United States Senator,,Valerie L. Willis,9
203,Jerome Township Precinct 4,United States Senator,,Marcia Squier,2
204,Jerome Township Precinct 4,United States Senator,,Doug Dern,4
205,Jerome Township Precinct 4,United States Senator,,Total write-in,0
206,Larkin Township Precinct 1,United States Senator,,Gary Peters,463
207,Larkin Township Precinct 1,United States Senator,,John James,861
208,Larkin Township Precinct 1,United States Senator,,Valerie L. Willis,3
209,Larkin Township Precinct 1,United States Senator,,Marcia Squier,5
210,Larkin Township Precinct 1,United States Senator,,Doug Dern,3
211,Larkin Township Precinct 1,United States Senator,,Total write-in,0
212,Larkin Township Precinct 2,United States Senator,,Gary Peters,404
213,Larkin Township Precinct 2,United States Senator,,John James,708
214,Larkin Township Precinct 2,United States Senator,,Valerie L. Willis,4
215,Larkin Township Precinct 2,United States Senator,,Marcia Squier,3
216,Larkin Township Precinct 2,United States Senator,,Doug Dern,2
217,Larkin Township Precinct 2,United States Senator,,Total write-in,1
218,Larkin Township Precinct 3,United States Senator,,Gary Peters,417
219,Larkin Township Precinct 3,United States Senator,,John James,601
220,Larkin Township Precinct 3,United States Senator,,Valerie L. Willis,5
221,Larkin Township Precinct 3,United States Senator,,Marcia Squier,4
222,Larkin Township Precinct 3,United States Senator,,Doug Dern,0
223,Larkin Township Precinct 3,United States Senator,,Total write-in,0
224,Lee Township Precinct 1,United States Senator,,Gary Peters,373
225,Lee Township Precinct 1,United States Senator,,John James,704
226,Lee Township Precinct 1,United States Senator,,Valerie L. Willis,8
227,Lee Township Precinct 1,United States Senator,,Marcia Squier,6
228,Lee Township Precinct 1,United States Senator,,Doug Dern,4
229,Lee Township Precinct 1,United States Senator,,Total write-in,0
230,Lee Township Precinct 2,United States Senator,,Gary Peters,281
231,Lee Township Precinct 2,United States Senator,,John James,643
232,Lee Township Precinct 2,United States Senator,,Valerie L. Willis,13
233,Lee Township Precinct 2,United States Senator,,Marcia Squier,3
234,Lee Township Precinct 2,United States Senator,,Doug Dern,3
235,Lee Township Precinct 2,United States Senator,,Total write-in,1
236,Lincoln Township Precinct 1,United States Senator,,Gary Peters,572
237,Lincoln Township Precinct 1,United States Senator,,John James,994
238,Lincoln Township Precinct 1,United States Senator,,Valerie L. Willis,14
239,Lincoln Township Precinct 1,United States Senator,,Marcia Squier,10
240,Lincoln Township Precinct 1,United States Senator,,Doug Dern,2
241,Lincoln Township Precinct 1,United States Senator,,Total write-in,0
242,Midland Township Precinct 1,United States Senator,,Gary Peters,463
243,Midland Township Precinct 1,United States Senator,,John James,850
244,Midland Township Precinct 1,United States Senator,,Valerie L. Willis,13
245,Midland Township Precinct 1,United States Senator,,Marcia Squier,3
246,Midland Township Precinct 1,United States Senator,,Doug Dern,7
247,Midland Township Precinct 1,United States Senator,,Total write-in,2
248,Mills Township Precinct 1,United States Senator,,Gary Peters,369
249,Mills Township Precinct 1,United States Senator,,John James,693
250,Mills Township Precinct 1,United States Senator,,Valerie L. Willis,18
251,Mills Township Precinct 1,United States Senator,,Marcia Squier,1
252,Mills Township Precinct 1,United States Senator,,Doug Dern,3
253,Mills Township Precinct 1,United States Senator,,Total write-in,1
254,Mt. Haley Township Precinct 1,United States Senator,,Gary Peters,331
255,Mt. Haley Township Precinct 1,United States Senator,,John James,647
256,Mt. Haley Township Precinct 1,United States Senator,,Valerie L. Willis,5
257,Mt. Haley Township Precinct 1,United States Senator,,Marcia Squier,7
258,Mt. Haley Township Precinct 1,United States Senator,,Doug Dern,4
259,Mt. Haley Township Precinct 1,United States Senator,,Total write-in,4
260,Porter Township Precinct 1,United States Senator,,Gary Peters,189
261,Porter Township Precinct 1,United States Senator,,John James,477
262,Porter Township Precinct 1,United States Senator,,Valerie L. Willis,2
263,Porter Township Precinct 1,United States Senator,,Marcia Squier,1
264,Porter Township Precinct 1,United States Senator,,Doug Dern,1
265,Porter Township Precinct 1,United States Senator,,Total write-in,1
266,Warren Township Precinct 1,United States Senator,,Gary Peters,324
267,Warren Township Precinct 1,United States Senator,,John James,769
268,Warren Township Precinct 1,United States Senator,,Valerie L. Willis,9
269,Warren Township Precinct 1,United States Senator,,Marcia Squier,3
270,Warren Township Precinct 1,United States Senator,,Doug Dern,3
271,Warren Township Precinct 1,United States Senator,,Total write-in,3
272,Total,United States Senator,,Gary Peters,"19,927"
273,Total,United States Senator,,John James,"28,057"
274,Total,United States Senator,,Valerie L. Willis,323
275,Total,United States Senator,,Marcia Squier,240
276,Total,United States Senator,,Doug Dern,102
277,Total,United States Senator,,Total write-in,34
278,City of Coleman Precinct 1,President/Vice President,,Joseph R. Biden/Kamala D. Harris,207
279,City of Coleman Precinct 1,President/Vice President,,Donald J. Trump/Michael R. Pence,379
280,City of Coleman Precinct 1,President/Vice President,,Jo Jorgensen/Jeremy Cohen,9
281,City of Coleman Precinct 1,President/Vice President,,Don Blankenship/William Mohr,2
282,City of Coleman Precinct 1,President/Vice President,,Howie Hawkins/Angela Walker,1
283,City of Coleman Precinct 1,President/Vice President,,Rocky De La Fuente/Darcy Richardson,2
284,City of Coleman Precinct 1,President/Vice President,,Total write-in,0
285,City of Midland Ward 1 Precinct 1,President/Vice President,,Joseph R. Biden/Kamala D. Harris,392
286,City of Midland Ward 1 Precinct 1,President/Vice President,,Donald J. Trump/Michael R. Pence,348
287,City of Midland Ward 1 Precinct 1,President/Vice President,,Jo Jorgensen/Jeremy Cohen,7
288,City of Midland Ward 1 Precinct 1,President/Vice President,,Don Blankenship/William Mohr,3
289,City of Midland Ward 1 Precinct 1,President/Vice President,,Howie Hawkins/Angela Walker,3
290,City of Midland Ward 1 Precinct 1,President/Vice President,,Rocky De La Fuente/Darcy Richardson,0
291,City of Midland Ward 1 Precinct 1,President/Vice President,,Total write-in,0
292,City of Midland Ward 1 Precinct 2,President/Vice President,,Joseph R. Biden/Kamala D. Harris,632
293,City of Midland Ward 1 Precinct 2,President/Vice President,,Donald J. Trump/Michael R. Pence,531
294,City of Midland Ward 1 Precinct 2,President/Vice President,,Jo Jorgensen/Jeremy Cohen,24
295,City of Midland Ward 1 Precinct 2,President/Vice President,,Don Blankenship/William Mohr,2
296,City of Midland Ward 1 Precinct 2,President/Vice President,,Howie Hawkins/Angela Walker,6
297,City of Midland Ward 1 Precinct 2,President/Vice President,,Rocky De La Fuente/Darcy Richardson,0
298,City of Midland Ward 1 Precinct 2,President/Vice President,,Total write-in,3
299,City of Midland Ward 1 Precinct 3,President/Vice President,,Joseph R. Biden/Kamala D. Harris,166
300,City of Midland Ward 1 Precinct 3,President/Vice President,,Donald J. Trump/Michael R. Pence,174
301,City of Midland Ward 1 Precinct 3,President/Vice President,,Jo Jorgensen/Jeremy Cohen,9
302,City of Midland Ward 1 Precinct 3,President/Vice President,,Don Blankenship/William Mohr,0
303,City of Midland Ward 1 Precinct 3,President/Vice President,,Howie Hawkins/Angela Walker,0
304,City of Midland Ward 1 Precinct 3,President/Vice President,,Rocky De La Fuente/Darcy Richardson,0
305,City of Midland Ward 1 Precinct 3,President/Vice President,,Total write-in,2
306,City of Midland Ward 1 Precinct 4,President/Vice President,,Joseph R. Biden/Kamala D. Harris,468
307,City of Midland Ward 1 Precinct 4,President/Vice President,,Donald J. Trump/Michael R. Pence,526
308,City of Midland Ward 1 Precinct 4,President/Vice President,,Jo Jorgensen/Jeremy Cohen,15
309,City of Midland Ward 1 Precinct 4,President/Vice President,,Don Blankenship/William Mohr,0
310,City of Midland Ward 1 Precinct 4,President/Vice President,,Howie Hawkins/Angela Walker,4
311,City of Midland Ward 1 Precinct 4,President/Vice President,,Rocky De La Fuente/Darcy Richardson,0
312,City of Midland Ward 1 Precinct 4,President/Vice President,,Total write-in,1
313,City of Midland Ward 1 Precinct 5,President/Vice President,,Joseph R. Biden/Kamala D. Harris,287
314,City of Midland Ward 1 Precinct 5,President/Vice President,,Donald J. Trump/Michael R. Pence,363
315,City of Midland Ward 1 Precinct 5,President/Vice President,,Jo Jorgensen/Jeremy Cohen,7
316,City of Midland Ward 1 Precinct 5,President/Vice President,,Don Blankenship/William Mohr,1
317,City of Midland Ward 1 Precinct 5,President/Vice President,,Howie Hawkins/Angela Walker,1
318,City of Midland Ward 1 Precinct 5,President/Vice President,,Rocky De La Fuente/Darcy Richardson,0
319,City of Midland Ward 1 Precinct 5,President/Vice President,,Total write-in,0
320,City of Midland Ward 1 Precinct 6,President/Vice President,,Joseph R. Biden/Kamala D. Harris,35
321,City of Midland Ward 1 Precinct 6,President/Vice President,,Donald J. Trump/Michael R. Pence,32
322,City of Midland Ward 1 Precinct 6,President/Vice President,,Jo Jorgensen/Jeremy Cohen,3
323,City of Midland Ward 1 Precinct 6,President/Vice President,,Don Blankenship/William Mohr,0
324,City of Midland Ward 1 Precinct 6,President/Vice President,,Howie Hawkins/Angela Walker,1
325,City of Midland Ward 1 Precinct 6,President/Vice President,,Rocky De La Fuente/Darcy Richardson,0
326,City of Midland Ward 1 Precinct 6,President/Vice President,,Total write-in,0
327,City of Midland Ward 2 Precinct 1,President/Vice President,,Joseph R. Biden/Kamala D. Harris,576
328,City of Midland Ward 2 Precinct 1,President/Vice President,,Donald J. Trump/Michael R. Pence,439
329,City of Midland Ward 2 Precinct 1,President/Vice President,,Jo Jorgensen/Jeremy Cohen,13
330,City of Midland Ward 2 Precinct 1,President/Vice President,,Don Blankenship/William Mohr,0
331,City of Midland Ward 2 Precinct 1,President/Vice President,,Howie Hawkins/Angela Walker,4
332,City of Midland Ward 2 Precinct 1,President/Vice President,,Rocky De La Fuente/Darcy Richardson,2
333,City of Midland Ward 2 Precinct 1,President/Vice President,,Total write-in,6
334,City of Midland Ward 2 Precinct 2,President/Vice President,,Joseph R. Biden/Kamala D. Harris,645
335,City of Midland Ward 2 Precinct 2,President/Vice President,,Donald J. Trump/Michael R. Pence,515
336,City of Midland Ward 2 Precinct 2,President/Vice President,,Jo Jorgensen/Jeremy Cohen,16
337,City of Midland Ward 2 Precinct 2,President/Vice President,,Don Blankenship/William Mohr,3
338,City of Midland Ward 2 Precinct 2,President/Vice President,,Howie Hawkins/Angela Walker,1
339,City of Midland Ward 2 Precinct 2,President/Vice President,,Rocky De La Fuente/Darcy Richardson,2
340,City of Midland Ward 2 Precinct 2,President/Vice President,,Total write-in,5
341,City of Midland Ward 2 Precinct 3,President/Vice President,,Joseph R. Biden/Kamala D. Harris,449
342,City of Midland Ward 2 Precinct 3,President/Vice President,,Donald J. Trump/Michael R. Pence,448
343,City of Midland Ward 2 Precinct 3,President/Vice President,,Jo Jorgensen/Jeremy Cohen,19
344,City of Midland Ward 2 Precinct 3,President/Vice President,,Don Blankenship/William Mohr,1
345,City of Midland Ward 2 Precinct 3,President/Vice President,,Howie Hawkins/Angela Walker,5
346,City of Midland Ward 2 Precinct 3,President/Vice President,,Rocky De La Fuente/Darcy Richardson,1
347,City of Midland Ward 2 Precinct 3,President/Vice President,,Total Write-in,2
348,City of Midland Ward 2 Precinct 4,President/Vice President,,Joseph R. Biden/Kamala D. Harris,594
349,City of Midland Ward 2 Precinct 4,President/Vice President,,Donald J. Trump/Michael R. Pence,650
350,City of Midland Ward 2 Precinct 4,President/Vice President,,Jo Jorgensen/Jeremy Cohen,27
351,City of Midland Ward 2 Precinct 4,President/Vice President,,Don Blankenship/William Mohr,4
352,City of Midland Ward 2 Precinct 4,President/Vice President,,Howie Hawkins/Angela Walker,8
353,City of Midland Ward 2 Precinct 4,President/Vice President,,Rocky De La Fuente/Darcy Richardson,0
354,City of Midland Ward 2 Precinct 4,President/Vice President,,Total Write-in,4
355,City of Midland Ward 3 Precinct 1,President/Vice President,,Joseph R. Biden/Kamala D. Harris,590
356,City of Midland Ward 3 Precinct 1,President/Vice President,,Donald J. Trump/Michael R. Pence,546
357,City of Midland Ward 3 Precinct 1,President/Vice President,,Jo Jorgensen/Jeremy Cohen,22
358,City of Midland Ward 3 Precinct 1,President/Vice President,,Don Blankenship/William Mohr,1
359,City of Midland Ward 3 Precinct 1,President/Vice President,,Howie Hawkins/Angela Walker,3
360,City of Midland Ward 3 Precinct 1,President/Vice President,,Rocky De La Fuente/Darcy Richardson,1
361,City of Midland Ward 3 Precinct 1,President/Vice President,,Total Write-in,3
362,City of Midland Ward 3 Precinct 2,President/Vice President,,Joseph R. Biden/Kamala D. Harris,586
363,City of Midland Ward 3 Precinct 2,President/Vice President,,Donald J. Trump/Michael R. Pence,559
364,City of Midland Ward 3 Precinct 2,President/Vice President,,Jo Jorgensen/Jeremy Cohen,26
365,City of Midland Ward 3 Precinct 2,President/Vice President,,Don Blankenship/William Mohr,4
366,City of Midland Ward 3 Precinct 2,President/Vice President,,Howie Hawkins/Angela Walker,5
367,City of Midland Ward 3 Precinct 2,President/Vice President,,Rocky De La Fuente/Darcy Richardson,0
368,City of Midland Ward 3 Precinct 2,President/Vice President,,Total Write-in,4
369,City of Midland Ward 3 Precinct 3,President/Vice President,,Joseph R. Biden/Kamala D. Harris,476
370,City of Midland Ward 3 Precinct 3,President/Vice President,,Donald J. Trump/Michael R. Pence,622
371,City of Midland Ward 3 Precinct 3,President/Vice President,,Jo Jorgensen/Jeremy Cohen,10
372,City of Midland Ward 3 Precinct 3,President/Vice President,,Don Blankenship/William Mohr,0
373,City of Midland Ward 3 Precinct 3,President/Vice President,,Howie Hawkins/Angela Walker,4
374,City of Midland Ward 3 Precinct 3,President/Vice President,,Rocky De La Fuente/Darcy Richardson,0
375,City of Midland Ward 3 Precinct 3,President/Vice President,,Total Write-in,3
376,City of Midland Ward 3 Precinct 4,President/Vice President,,Joseph R. Biden/Kamala D. Harris,666
377,City of Midland Ward 3 Precinct 4,President/Vice President,,Donald J. Trump/Michael R. Pence,772
378,City of Midland Ward 3 Precinct 4,President/Vice President,,Jo Jorgensen/Jeremy Cohen,17
379,City of Midland Ward 3 Precinct 4,President/Vice President,,Don Blankenship/William Mohr,1
380,City of Midland Ward 3 Precinct 4,President/Vice President,,Howie Hawkins/Angela Walker,1
381,City of Midland Ward 3 Precinct 4,President/Vice President,,Rocky De La Fuente/Darcy Richardson,1
382,City of Midland Ward 3 Precinct 4,President/Vice President,,Total Write-in,6
383,City of Midland Ward 4 Precinct 1,President/Vice President,,Joseph R. Biden/Kamala D. Harris,594
384,City of Midland Ward 4 Precinct 1,President/Vice President,,Donald J. Trump/Michael R. Pence,605
385,City of Midland Ward 4 Precinct 1,President/Vice President,,Jo Jorgensen/Jeremy Cohen,22
386,City of Midland Ward 4 Precinct 1,President/Vice President,,Don Blankenship/William Mohr,4
387,City of Midland Ward 4 Precinct 1,President/Vice President,,Howie Hawkins/Angela Walker,2
388,City of Midland Ward 4 Precinct 1,President/Vice President,,Rocky De La Fuente/Darcy Richardson,0
389,City of Midland Ward 4 Precinct 1,President/Vice President,,Total Write-in,1
390,City of Midland Ward 4 Precinct 2,President/Vice President,,Joseph R. Biden/Kamala D. Harris,504
391,City of Midland Ward 4 Precinct 2,President/Vice President,,Donald J. Trump/Michael R. Pence,405
392,City of Midland Ward 4 Precinct 2,President/Vice President,,Jo Jorgensen/Jeremy Cohen,13
393,City of Midland Ward 4 Precinct 2,President/Vice President,,Don Blankenship/William Mohr,1
394,City of Midland Ward 4 Precinct 2,President/Vice President,,Howie Hawkins/Angela Walker,2
395,City of Midland Ward 4 Precinct 2,President/Vice President,,Rocky De La Fuente/Darcy Richardson,0
396,City of Midland Ward 4 Precinct 2,President/Vice President,,Total Write-in,4
397,City of Midland Ward 4 Precinct 3,President/Vice President,,Joseph R. Biden/Kamala D. Harris,691
398,City of Midland Ward 4 Precinct 3,President/Vice President,,Donald J. Trump/Michael R. Pence,685
399,City of Midland Ward 4 Precinct 3,President/Vice President,,Jo Jorgensen/Jeremy Cohen,28
400,City of Midland Ward 4 Precinct 3,President/Vice President,,Don Blankenship/William Mohr,3
401,City of Midland Ward 4 Precinct 3,President/Vice President,,Howie Hawkins/Angela Walker,3
402,City of Midland Ward 4 Precinct 3,President/Vice President,,Rocky De La Fuente/Darcy Richardson,0
403,City of Midland Ward 4 Precinct 3,President/Vice President,,Total Write-in,4
404,City of Midland Ward 4 Precinct 4,President/Vice President,,Joseph R. Biden/Kamala D. Harris,648
405,City of Midland Ward 4 Precinct 4,President/Vice President,,Donald J. Trump/Michael R. Pence,575
406,City of Midland Ward 4 Precinct 4,President/Vice President,,Jo Jorgensen/Jeremy Cohen,9
407,City of Midland Ward 4 Precinct 4,President/Vice President,,Don Blankenship/William Mohr,1
408,City of Midland Ward 4 Precinct 4,President/Vice President,,Howie Hawkins/Angela Walker,1
409,City of Midland Ward 4 Precinct 4,President/Vice President,,Rocky De La Fuente/Darcy Richardson,0
410,City of Midland Ward 4 Precinct 4,President/Vice President,,Total Write-in,6
411,City of Midland Ward 4 Precinct 5,President/Vice President,,Joseph R. Biden/Kamala D. Harris,702
412,City of Midland Ward 4 Precinct 5,President/Vice President,,Donald J. Trump/Michael R. Pence,562
413,City of Midland Ward 4 Precinct 5,President/Vice President,,Jo Jorgensen/Jeremy Cohen,11
414,City of Midland Ward 4 Precinct 5,President/Vice President,,Don Blankenship/William Mohr,1
415,City of Midland Ward 4 Precinct 5,President/Vice President,,Howie Hawkins/Angela Walker,5
416,City of Midland Ward 4 Precinct 5,President/Vice President,,Rocky De La Fuente/Darcy Richardson,1
417,City of Midland Ward 4 Precinct 5,President/Vice President,,Total Write-in,2
418,City of Midland Ward 5 Precinct 1,President/Vice President,,Joseph R. Biden/Kamala D. Harris,587
419,City of Midland Ward 5 Precinct 1,President/Vice President,,Donald J. Trump/Michael R. Pence,518
420,City of Midland Ward 5 Precinct 1,President/Vice President,,Jo Jorgensen/Jeremy Cohen,28
421,City of Midland Ward 5 Precinct 1,President/Vice President,,Don Blankenship/William Mohr,0
422,City of Midland Ward 5 Precinct 1,President/Vice President,,Howie Hawkins/Angela Walker,4
423,City of Midland Ward 5 Precinct 1,President/Vice President,,Rocky De La Fuente/Darcy Richardson,1
424,City of Midland Ward 5 Precinct 1,President/Vice President,,Total Write-in,4
425,City of Midland Ward 5 Precinct 2,President/Vice President,,Joseph R. Biden/Kamala D. Harris,531
426,City of Midland Ward 5 Precinct 2,President/Vice President,,Donald J. Trump/Michael R. Pence,503
427,City of Midland Ward 5 Precinct 2,President/Vice President,,Jo Jorgensen/Jeremy Cohen,13
428,City of Midland Ward 5 Precinct 2,President/Vice President,,Don Blankenship/William Mohr,1
429,City of Midland Ward 5 Precinct 2,President/Vice President,,Howie Hawkins/Angela Walker,2
430,City of Midland Ward 5 Precinct 2,President/Vice President,,Rocky De La Fuente/Darcy Richardson,0
431,City of Midland Ward 5 Precinct 2,President/Vice President,,Total Write-in,1
432,City of Midland Ward 5 Precinct 3,President/Vice President,,Joseph R. Biden/Kamala D. Harris,524
433,City of Midland Ward 5 Precinct 3,President/Vice President,,Donald J. Trump/Michael R. Pence,519
434,City of Midland Ward 5 Precinct 3,President/Vice President,,Jo Jorgensen/Jeremy Cohen,17
435,City of Midland Ward 5 Precinct 3,President/Vice President,,Don Blankenship/William Mohr,2
436,City of Midland Ward 5 Precinct 3,President/Vice President,,Howie Hawkins/Angela Walker,0
437,City of Midland Ward 5 Precinct 3,President/Vice President,,Rocky De La Fuente/Darcy Richardson,0
438,City of Midland Ward 5 Precinct 3,President/Vice President,,Total Write-in,4
439,City of Midland Ward 5 Precinct 4,President/Vice President,,Joseph R. Biden/Kamala D. Harris,441
440,City of Midland Ward 5 Precinct 4,President/Vice President,,Donald J. Trump/Michael R. Pence,445
441,City of Midland Ward 5 Precinct 4,President/Vice President,,Jo Jorgensen/Jeremy Cohen,18
442,City of Midland Ward 5 Precinct 4,President/Vice President,,Don Blankenship/William Mohr,0
443,City of Midland Ward 5 Precinct 4,President/Vice President,,Howie Hawkins/Angela Walker,2
444,City of Midland Ward 5 Precinct 4,President/Vice President,,Rocky De La Fuente/Darcy Richardson,0
445,City of Midland Ward 5 Precinct 4,President/Vice President,,Total Write-in,5
446,City of Midland Ward 5 Precinct 5,President/Vice President,,Joseph R. Biden/Kamala D. Harris,532
447,City of Midland Ward 5 Precinct 5,President/Vice President,,Donald J. Trump/Michael R. Pence,482
448,City of Midland Ward 5 Precinct 5,President/Vice President,,Jo Jorgensen/Jeremy Cohen,19
449,City of Midland Ward 5 Precinct 5,President/Vice President,,Don Blankenship/William Mohr,3
450,City of Midland Ward 5 Precinct 5,President/Vice President,,Howie Hawkins/Angela Walker,5
451,City of Midland Ward 5 Precinct 5,President/Vice President,,Rocky De La Fuente/Darcy Richardson,0
452,City of Midland Ward 5 Precinct 5,President/Vice President,,Total Write-in,1
453,Edenville Township Precinct 1,President/Vice President,,Joseph R. Biden/Kamala D. Harris,473
454,Edenville Township Precinct 1,President/Vice President,,Donald J. Trump/Michael R. Pence,"1,047"
455,Edenville Township Precinct 1,President/Vice President,,Jo Jorgensen/Jeremy Cohen,15
456,Edenville Township Precinct 1,President/Vice President,,Don Blankenship/William Mohr,0
457,Edenville Township Precinct 1,President/Vice President,,Howie Hawkins/Angela Walker,1
458,Edenville Township Precinct 1,President/Vice President,,Rocky De La Fuente/Darcy Richardson,0
459,Edenville Township Precinct 1,President/Vice President,,Total Write-in,1
460,Geneva Township Precinct 1,President/Vice President,,Joseph R. Biden/Kamala D. Harris,211
461,Geneva Township Precinct 1,President/Vice President,,Donald J. Trump/Michael R. Pence,428
462,Geneva Township Precinct 1,President/Vice President,,Jo Jorgensen/Jeremy Cohen,5
463,Geneva Township Precinct 1,President/Vice President,,Don Blankenship/William Mohr,1
464,Geneva Township Precinct 1,President/Vice President,,Howie Hawkins/Angela Walker,0
465,Geneva Township Precinct 1,President/Vice President,,Rocky De La Fuente/Darcy Richardson,0
466,Geneva Township Precinct 1,President/Vice President,,Total Write-in,0
467,Greendale Township Precinct 1,President/Vice President,,Joseph R. Biden/Kamala D. Harris,240
468,Greendale Township Precinct 1,President/Vice President,,Donald J. Trump/Michael R. Pence,675
469,Greendale Township Precinct 1,President/Vice President,,Jo Jorgensen/Jeremy Cohen,7
470,Greendale Township Precinct 1,President/Vice President,,Don Blankenship/William Mohr,1
471,Greendale Township Precinct 1,President/Vice President,,Howie Hawkins/Angela Walker,0
472,Greendale Township Precinct 1,President/Vice President,,Rocky De La Fuente/Darcy Richardson,0
473,Greendale Township Precinct 1,President/Vice President,,Total Write-in,1
474,Homer Township Precinct 1,President/Vice President,,Joseph R. Biden/Kamala D. Harris,297
475,Homer Township Precinct 1,President/Vice President,,Donald J. Trump/Michael R. Pence,464
476,Homer Township Precinct 1,President/Vice President,,Jo Jorgensen/Jeremy Cohen,10
477,Homer Township Precinct 1,President/Vice President,,Don Blankenship/William Mohr,0
478,Homer Township Precinct 1,President/Vice President,,Howie Hawkins/Angela Walker,1
479,Homer Township Precinct 1,President/Vice President,,Rocky De La Fuente/Darcy Richardson,0
480,Homer Township Precinct 1,President/Vice President,,Total Write-in,1
481,Homer Township Precinct 2,President/Vice President,,Joseph R. Biden/Kamala D. Harris,272
482,Homer Township Precinct 2,President/Vice President,,Donald J. Trump/Michael R. Pence,477
483,Homer Township Precinct 2,President/Vice President,,Jo Jorgensen/Jeremy Cohen,13
484,Homer Township Precinct 2,President/Vice President,,Don Blankenship/William Mohr,2
485,Homer Township Precinct 2,President/Vice President,,Howie Hawkins/Angela Walker,0
486,Homer Township Precinct 2,President/Vice President,,Rocky De La Fuente/Darcy Richardson,0
487,Homer Township Precinct 2,President/Vice President,,Total Write-in,2
488,Homer Township Precinct 3,President/Vice President,,Joseph R. Biden/Kamala D. Harris,371
489,Homer Township Precinct 3,President/Vice President,,Donald J. Trump/Michael R. Pence,604
490,Homer Township Precinct 3,President/Vice President,,Jo Jorgensen/Jeremy Cohen,12
491,Homer Township Precinct 3,President/Vice President,,Don Blankenship/William Mohr,0
492,Homer Township Precinct 3,President/Vice President,,Howie Hawkins/Angela Walker,1
493,Homer Township Precinct 3,President/Vice President,,Rocky De La Fuente/Darcy Richardson,0
494,Homer Township Precinct 3,President/Vice President,,Total Write-in,2
495,Hope Township Precinct 1,President/Vice President,,Joseph R. Biden/Kamala D. Harris,252
496,Hope Township Precinct 1,President/Vice President,,Donald J. Trump/Michael R. Pence,641
497,Hope Township Precinct 1,President/Vice President,,Jo Jorgensen/Jeremy Cohen,13
498,Hope Township Precinct 1,President/Vice President,,Don Blankenship/William Mohr,1
499,Hope Township Precinct 1,President/Vice President,,Howie Hawkins/Angela Walker,2
500,Hope Township Precinct 1,President/Vice President,,Rocky De La Fuente/Darcy Richardson,1
501,Hope Township Precinct 1,President/Vice President,,Total Write-in,0
502,Ingersoll Township Precinct 1,President/Vice President,,Joseph R. Biden/Kamala D. Harris,325
503,Ingersoll Township Precinct 1,President/Vice President,,Donald J. Trump/Michael R. Pence,626
504,Ingersoll Township Precinct 1,President/Vice President,,Jo Jorgensen/Jeremy Cohen,20
505,Ingersoll Township Precinct 1,President/Vice President,,Don Blankenship/William Mohr,3
506,Ingersoll Township Precinct 1,President/Vice President,,Howie Hawkins/Angela Walker,3
507,Ingersoll Township Precinct 1,President/Vice President,,Rocky De La Fuente/Darcy Richardson,1
508,Ingersoll Township Precinct 1,President/Vice President,,Total Write-in,3
509,Ingersoll Township Precinct 2,President/Vice President,,Joseph R. Biden/Kamala D. Harris,213
510,Ingersoll Township Precinct 2,President/Vice President,,Donald J. Trump/Michael R. Pence,472
511,Ingersoll Township Precinct 2,President/Vice President,,Jo Jorgensen/Jeremy Cohen,15
512,Ingersoll Township Precinct 2,President/Vice President,,Don Blankenship/William Mohr,0
513,Ingersoll Township Precinct 2,President/Vice President,,Howie Hawkins/Angela Walker,1
514,Ingersoll Township Precinct 2,President/Vice President,,Rocky De La Fuente/Darcy Richardson,0
515,Ingersoll Township Precinct 2,President/Vice President,,Total Write-in,1
516,Jasper Township Precinct 1,President/Vice President,,Joseph R. Biden/Kamala D. Harris,177
517,Jasper Township Precinct 1,President/Vice President,,Donald J. Trump/Michael R. Pence,404
518,Jasper Township Precinct 1,President/Vice President,,Jo Jorgensen/Jeremy Cohen,10
519,Jasper Township Precinct 1,President/Vice President,,Don Blankenship/William Mohr,1
520,Jasper Township Precinct 1,President/Vice President,,Howie Hawkins/Angela Walker,1
521,Jasper Township Precinct 1,President/Vice President,,Rocky De La Fuente/Darcy Richardson,0
522,Jasper Township Precinct 1,President/Vice President,,Total Write-in,0
523,Jerome Township Precinct 1,President/Vice President,,Joseph R. Biden/Kamala D. Harris,145
524,Jerome Township Precinct 1,President/Vice President,,Donald J. Trump/Michael R. Pence,257
525,Jerome Township Precinct 1,President/Vice President,,Jo Jorgensen/Jeremy Cohen,5
526,Jerome Township Precinct 1,President/Vice President,,Don Blankenship/William Mohr,1
527,Jerome Township Precinct 1,President/Vice President,,Howie Hawkins/Angela Walker,2
528,Jerome Township Precinct 1,President/Vice President,,Rocky De La Fuente/Darcy Richardson,0
529,Jerome Township Precinct 1,President/Vice President,,Total Write-in,0
530,Jerome Township Precinct 2,President/Vice President,,Joseph R. Biden/Kamala D. Harris,354
531,Jerome Township Precinct 2,President/Vice President,,Donald J. Trump/Michael R. Pence,486
532,Jerome Township Precinct 2,President/Vice President,,Jo Jorgensen/Jeremy Cohen,4
533,Jerome Township Precinct 2,President/Vice President,,Don Blankenship/William Mohr,0
534,Jerome Township Precinct 2,President/Vice President,,Howie Hawkins/Angela Walker,2
535,Jerome Township Precinct 2,President/Vice President,,Rocky De La Fuente/Darcy Richardson,1
536,Jerome Township Precinct 2,President/Vice President,,Total Write-in,1
537,Jerome Township Precinct 3,President/Vice President,,Joseph R. Biden/Kamala D. Harris,119
538,Jerome Township Precinct 3,President/Vice President,,Donald J. Trump/Michael R. Pence,256
539,Jerome Township Precinct 3,President/Vice President,,Jo Jorgensen/Jeremy Cohen,4
540,Jerome Township Precinct 3,President/Vice President,,Don Blankenship/William Mohr,2
541,Jerome Township Precinct 3,President/Vice President,,Howie Hawkins/Angela Walker,0
542,Jerome Township Precinct 3,President/Vice President,,Rocky De La Fuente/Darcy Richardson,0
543,Jerome Township Precinct 3,President/Vice President,,Total Write-in,1
544,Jerome Township Precinct 4,President/Vice President,,Joseph R. Biden/Kamala D. Harris,305
545,Jerome Township Precinct 4,President/Vice President,,Donald J. Trump/Michael R. Pence,624
546,Jerome Township Precinct 4,President/Vice President,,Jo Jorgensen/Jeremy Cohen,8
547,Jerome Township Precinct 4,President/Vice President,,Don Blankenship/William Mohr,2
548,Jerome Township Precinct 4,President/Vice President,,Howie Hawkins/Angela Walker,3
549,Jerome Township Precinct 4,President/Vice President,,Rocky De La Fuente/Darcy Richardson,0
550,Jerome Township Precinct 4,President/Vice President,,Total Write-in,1
551,Larkin Township Precinct 1,President/Vice President,,Joseph R. Biden/Kamala D. Harris,508
552,Larkin Township Precinct 1,President/Vice President,,Donald J. Trump/Michael R. Pence,834
553,Larkin Township Precinct 1,President/Vice President,,Jo Jorgensen/Jeremy Cohen,11
554,Larkin Township Precinct 1,President/Vice President,,Don Blankenship/William Mohr,1
555,Larkin Township Precinct 1,President/Vice President,,Howie Hawkins/Angela Walker,2
556,Larkin Township Precinct 1,President/Vice President,,Rocky De La Fuente/Darcy Richardson,1
557,Larkin Township Precinct 1,President/Vice President,,Total Write-in,1
558,Larkin Township Precinct 2,President/Vice President,,Joseph R. Biden/Kamala D. Harris,459
559,Larkin Township Precinct 2,President/Vice President,,Donald J. Trump/Michael R. Pence,658
560,Larkin Township Precinct 2,President/Vice President,,Jo Jorgensen/Jeremy Cohen,18
561,Larkin Township Precinct 2,President/Vice President,,Don Blankenship/William Mohr,1
562,Larkin Township Precinct 2,President/Vice President,,Howie Hawkins/Angela Walker,1
563,Larkin Township Precinct 2,President/Vice President,,Rocky De La Fuente/Darcy Richardson,0
564,Larkin Township Precinct 2,President/Vice President,,Total Write-in,2
565,Larkin Township Precinct 3,President/Vice President,,Joseph R. Biden/Kamala D. Harris,457
566,Larkin Township Precinct 3,President/Vice President,,Donald J. Trump/Michael R. Pence,552
567,Larkin Township Precinct 3,President/Vice President,,Jo Jorgensen/Jeremy Cohen,14
568,Larkin Township Precinct 3,President/Vice President,,Don Blankenship/William Mohr,0
569,Larkin Township Precinct 3,President/Vice President,,Howie Hawkins/Angela Walker,1
570,Larkin Township Precinct 3,President/Vice President,,Rocky De La Fuente/Darcy Richardson,0
571,Larkin Township Precinct 3,President/Vice President,,Total Write-in,2
572,Lee Township Precinct 1,President/Vice President,,Joseph R. Biden/Kamala D. Harris,339
573,Lee Township Precinct 1,President/Vice President,,Donald J. Trump/Michael R. Pence,751
574,Lee Township Precinct 1,President/Vice President,,Jo Jorgensen/Jeremy Cohen,13
575,Lee Township Precinct 1,President/Vice President,,Don Blankenship/William Mohr,0
576,Lee Township Precinct 1,President/Vice President,,Howie Hawkins/Angela Walker,3
577,Lee Township Precinct 1,President/Vice President,,Rocky De La Fuente/Darcy Richardson,1
578,Lee Township Precinct 1,President/Vice President,,Total Write-in,2
579,Lee Township Precinct 2,President/Vice President,,Joseph R. Biden/Kamala D. Harris,277
580,Lee Township Precinct 2,President/Vice President,,Donald J. Trump/Michael R. Pence,663
581,Lee Township Precinct 2,President/Vice President,,Jo Jorgensen/Jeremy Cohen,9
582,Lee Township Precinct 2,President/Vice President,,Don Blankenship/William Mohr,2
583,Lee Township Precinct 2,President/Vice President,,Howie Hawkins/Angela Walker,0
584,Lee Township Precinct 2,President/Vice President,,Rocky De La Fuente/Darcy Richardson,0
585,Lee Township Precinct 2,President/Vice President,,Total Write-in,0
586,Lincoln Township Precinct 1,President/Vice President,,Joseph R. Biden/Kamala D. Harris,564
587,Lincoln Township Precinct 1,President/Vice President,,Donald J. Trump/Michael R. Pence,"1,025"
588,Lincoln Township Precinct 1,President/Vice President,,Jo Jorgensen/Jeremy Cohen,15
589,Lincoln Township Precinct 1,President/Vice President,,Don Blankenship/William Mohr,3
590,Lincoln Township Precinct 1,President/Vice President,,Howie Hawkins/Angela Walker,4
591,Lincoln Township Precinct 1,President/Vice President,,Rocky De La Fuente/Darcy Richardson,1
592,Lincoln Township Precinct 1,President/Vice President,,Total Write-in,2
593,Midland Township Precinct 1,President/Vice President,,Joseph R. Biden/Kamala D. Harris,456
594,Midland Township Precinct 1,President/Vice President,,Donald J. Trump/Michael R. Pence,863
595,Midland Township Precinct 1,President/Vice President,,Jo Jorgensen/Jeremy Cohen,29
596,Midland Township Precinct 1,President/Vice President,,Don Blankenship/William Mohr,1
597,Midland Township Precinct 1,President/Vice President,,Howie Hawkins/Angela Walker,4
598,Midland Township Precinct 1,President/Vice President,,Rocky De La Fuente/Darcy Richardson,0
599,Midland Township Precinct 1,President/Vice President,,Total Write-in,2
600,Mills Township Precinct 1,President/Vice President,,Joseph R. Biden/Kamala D. Harris,341
601,Mills Township Precinct 1,President/Vice President,,Donald J. Trump/Michael R. Pence,733
602,Mills Township Precinct 1,President/Vice President,,Jo Jorgensen/Jeremy Cohen,18
603,Mills Township Precinct 1,President/Vice President,,Don Blankenship/William Mohr,2
604,Mills Township Precinct 1,President/Vice President,,Howie Hawkins/Angela Walker,2
605,Mills Township Precinct 1,President/Vice President,,Rocky De La Fuente/Darcy Richardson,1
606,Mills Township Precinct 1,President/Vice President,,Total Write-in,1
607,Mt. Haley Township Precinct 1,President/Vice President,,Joseph R. Biden/Kamala D. Harris,320
608,Mt. Haley Township Precinct 1,President/Vice President,,Donald J. Trump/Michael R. Pence,668
609,Mt. Haley Township Precinct 1,President/Vice President,,Jo Jorgensen/Jeremy Cohen,12
610,Mt. Haley Township Precinct 1,President/Vice President,,Don Blankenship/William Mohr,3
611,Mt. Haley Township Precinct 1,President/Vice President,,Howie Hawkins/Angela Walker,1
612,Mt. Haley Township Precinct 1,President/Vice President,,Rocky De La Fuente/Darcy Richardson,3
613,Mt. Haley Township Precinct 1,President/Vice President,,Total Write-in,1
614,Porter Township Precinct 1,President/Vice President,,Joseph R. Biden/Kamala D. Harris,184
615,Porter Township Precinct 1,President/Vice President,,Donald J. Trump/Michael R. Pence,480
616,Porter Township Precinct 1,President/Vice President,,Jo Jorgensen/Jeremy Cohen,7
617,Porter Township Precinct 1,President/Vice President,,Don Blankenship/William Mohr,1
618,Porter Township Precinct 1,President/Vice President,,Howie Hawkins/Angela Walker,3
619,Porter Township Precinct 1,President/Vice President,,Rocky De La Fuente/Darcy Richardson,0
620,Porter Township Precinct 1,President/Vice President,,Total Write-in,2
621,Warren Township Precinct 1,President/Vice President,,Joseph R. Biden/Kamala D. Harris,311
622,Warren Township Precinct 1,President/Vice President,,Donald J. Trump/Michael R. Pence,784
623,Warren Township Precinct 1,President/Vice President,,Jo Jorgensen/Jeremy Cohen,12
624,Warren Township Precinct 1,President/Vice President,,Don Blankenship/William Mohr,1
625,Warren Township Precinct 1,President/Vice President,,Howie Hawkins/Angela Walker,5
626,Warren Township Precinct 1,President/Vice President,,Rocky De La Fuente/Darcy Richardson,0
627,Warren Township Precinct 1,President/Vice President,,Total Write-in,2
628,Total,President/Vice President,,Joseph R. Biden/Kamala D. Harris,"20,493"
629,Total,President/Vice President,,Donald J. Trump/Michael R. Pence,"27,675"
630,Total,President/Vice President,,Jo Jorgensen/Jeremy Cohen,701
631,Total,President/Vice President,,Don Blankenship/William Mohr,67
632,Total,President/Vice President,,Howie Hawkins/Angela Walker,116
633,Total,President/Vice President,,Rocky De La Fuente/Darcy Richardson,21
634,Total,President/Vice President,,Total Write-in,102
635,City of Coleman Precinct 1,Straight Party,,Democratic Party,122
636,City of Coleman Precinct 1,Straight Party,,Republican Party,236
637,City of Coleman Precinct 1,Straight Party,,Libertarian Party,6
638,City of Coleman Precinct 1,Straight Party,,U.S. Taxpayers Party,2
639,City of Coleman Precinct 1,Straight Party,,Working Class Party,3
640,City of Coleman Precinct 1,Straight Party,,Green Party,1
641,City of Coleman Precinct 1,Straight Party,,Natural Law Party,0
642,City of Midland Ward 1 Precinct 1,Straight Party,,Democratic Party,213
643,City of Midland Ward 1 Precinct 1,Straight Party,,Republican Party,199
644,City of Midland Ward 1 Precinct 1,Straight Party,,Libertarian Party,3
645,City of Midland Ward 1 Precinct 1,Straight Party,,U.S. Taxpayers Party,0
646,City of Midland Ward 1 Precinct 1,Straight Party,,Working Class Party,3
647,City of Midland Ward 1 Precinct 1,Straight Party,,Green Party,1
648,City of Midland Ward 1 Precinct 1,Straight Party,,Natural Law Party,0
649,City of Midland Ward 1 Precinct 2,Straight Party,,Democratic Party,318
650,City of Midland Ward 1 Precinct 2,Straight Party,,Republican Party,334
651,City of Midland Ward 1 Precinct 2,Straight Party,,Libertarian Party,6
652,City of Midland Ward 1 Precinct 2,Straight Party,,U.S. Taxpayers Party,0
653,City of Midland Ward 1 Precinct 2,Straight Party,,Working Class Party,1
654,City of Midland Ward 1 Precinct 2,Straight Party,,Green Party,2
655,City of Midland Ward 1 Precinct 2,Straight Party,,Natural Law Party,0
656,City of Midland Ward 1 Precinct 3,Straight Party,,Democratic Party,90
657,City of Midland Ward 1 Precinct 3,Straight Party,,Republican Party,100
658,City of Midland Ward 1 Precinct 3,Straight Party,,Libertarian Party,3
659,City of Midland Ward 1 Precinct 3,Straight Party,,U.S. Taxpayers Party,0
660,City of Midland Ward 1 Precinct 3,Straight Party,,Working Class Party,0
661,City of Midland Ward 1 Precinct 3,Straight Party,,Green Party,0
662,City of Midland Ward 1 Precinct 3,Straight Party,,Natural Law Party,0
663,City of Midland Ward 1 Precinct 4,Straight Party,,Democratic Party,213
664,City of Midland Ward 1 Precinct 4,Straight Party,,Republican Party,300
665,City of Midland Ward 1 Precinct 4,Straight Party,,Libertarian Party,8
666,City of Midland Ward 1 Precinct 4,Straight Party,,U.S. Taxpayers Party,2
667,City of Midland Ward 1 Precinct 4,Straight Party,,Working Class Party,1
668,City of Midland Ward 1 Precinct 4,Straight Party,,Green Party,1
669,City of Midland Ward 1 Precinct 4,Straight Party,,Natural Law Party,0
670,City of Midland Ward 1 Precinct 5,Straight Party,,Democratic Party,170
671,City of Midland Ward 1 Precinct 5,Straight Party,,Republican Party,224
672,City of Midland Ward 1 Precinct 5,Straight Party,,Libertarian Party,4
673,City of Midland Ward 1 Precinct 5,Straight Party,,U.S. Taxpayers Party,1
674,City of Midland Ward 1 Precinct 5,Straight Party,,Working Class Party,2
675,City of Midland Ward 1 Precinct 5,Straight Party,,Green Party,1
676,City of Midland Ward 1 Precinct 5,Straight Party,,Natural Law Party,0
677,City of Midland Ward 1 Precinct 6,Straight Party,,Democratic Party,16
678,City of Midland Ward 1 Precinct 6,Straight Party,,Republican Party,23
679,City of Midland Ward 1 Precinct 6,Straight Party,,Libertarian Party,0
680,City of Midland Ward 1 Precinct 6,Straight Party,,U.S. Taxpayers Party,0
681,City of Midland Ward 1 Precinct 6,Straight Party,,Working Class Party,0
682,City of Midland Ward 1 Precinct 6,Straight Party,,Green Party,1
683,City of Midland Ward 1 Precinct 6,Straight Party,,Natural Law Party,0
684,City of Midland Ward 2 Precinct 1,Straight Party,,Democratic Party,262
685,City of Midland Ward 2 Precinct 1,Straight Party,,Republican Party,228
686,City of Midland Ward 2 Precinct 1,Straight Party,,Libertarian Party,1
687,City of Midland Ward 2 Precinct 1,Straight Party,,U.S. Taxpayers Party,0
688,City of Midland Ward 2 Precinct 1,Straight Party,,Working Class Party,0
689,City of Midland Ward 2 Precinct 1,Straight Party,,Green Party,2
690,City of Midland Ward 2 Precinct 1,Straight Party,,Natural Law Party,0
691,City of Midland Ward 2 Precinct 2,Straight Party,,Democratic Party,273
692,City of Midland Ward 2 Precinct 2,Straight Party,,Republican Party,284
693,City of Midland Ward 2 Precinct 2,Straight Party,,Libertarian Party,2
694,City of Midland Ward 2 Precinct 2,Straight Party,,U.S. Taxpayers Party,0
695,City of Midland Ward 2 Precinct 2,Straight Party,,Working Class Party,4
696,City of Midland Ward 2 Precinct 2,Straight Party,,Green Party,0
697,City of Midland Ward 2 Precinct 2,Straight Party,,Natural Law Party,1
698,City of Midland Ward 2 Precinct 3,Straight Party,,Democratic Party,240
699,City of Midland Ward 2 Precinct 3,Straight Party,,Republican Party,247
700,City of Midland Ward 2 Precinct 3,Straight Party,,Libertarian Party,11
701,City of Midland Ward 2 Precinct 3,Straight Party,,U.S. Taxpayers Party,1
702,City of Midland Ward 2 Precinct 3,Straight Party,,Working Class Party,5
703,City of Midland Ward 2 Precinct 3,Straight Party,,Green Party,4
704,City of Midland Ward 2 Precinct 3,Straight Party,,Natural Law Party,0
705,City of Midland Ward 2 Precinct 4,Straight Party,,Democratic Party,256
706,City of Midland Ward 2 Precinct 4,Straight Party,,Republican Party,407
707,City of Midland Ward 2 Precinct 4,Straight Party,,Libertarian Party,4
708,City of Midland Ward 2 Precinct 4,Straight Party,,U.S. Taxpayers Party,4
709,City of Midland Ward 2 Precinct 4,Straight Party,,Working Class Party,3
710,City of Midland Ward 2 Precinct 4,Straight Party,,Green Party,3
711,City of Midland Ward 2 Precinct 4,Straight Party,,Natural Law Party,1
712,City of Midland Ward 3 Precinct 1,Straight Party,,Democratic Party,229
713,City of Midland Ward 3 Precinct 1,Straight Party,,Republican Party,290
714,City of Midland Ward 3 Precinct 1,Straight Party,,Libertarian Party,3
715,City of Midland Ward 3 Precinct 1,Straight Party,,U.S. Taxpayers Party,0
716,City of Midland Ward 3 Precinct 1,Straight Party,,Working Class Party,1
717,City of Midland Ward 3 Precinct 1,Straight Party,,Green Party,0
718,City of Midland Ward 3 Precinct 1,Straight Party,,Natural Law Party,0
719,City of Midland Ward 3 Precinct 2,Straight Party,,Democratic Party,261
720,City of Midland Ward 3 Precinct 2,Straight Party,,Republican Party,297
721,City of Midland Ward 3 Precinct 2,Straight Party,,Libertarian Party,4
722,City of Midland Ward 3 Precinct 2,Straight Party,,U.S. Taxpayers Party,1
723,City of Midland Ward 3 Precinct 2,Straight Party,,Working Class Party,4
724,City of Midland Ward 3 Precinct 2,Straight Party,,Green Party,1
725,City of Midland Ward 3 Precinct 2,Straight Party,,Natural Law Party,1
726,City of Midland Ward 3 Precinct 3,Straight Party,,Democratic Party,237
727,City of Midland Ward 3 Precinct 3,Straight Party,,Republican Party,360
728,City of Midland Ward 3 Precinct 3,Straight Party,,Libertarian Party,3
729,City of Midland Ward 3 Precinct 3,Straight Party,,U.S. Taxpayers Party,0
730,City of Midland Ward 3 Precinct 3,Straight Party,,Working Class Party,1
731,City of Midland Ward 3 Precinct 3,Straight Party,,Green Party,1
732,City of Midland Ward 3 Precinct 3,Straight Party,,Natural Law Party,2
733,City of Midland Ward 3 Precinct 4,Straight Party,,Democratic Party,270
734,City of Midland Ward 3 Precinct 4,Straight Party,,Republican Party,415
735,City of Midland Ward 3 Precinct 4,Straight Party,,Libertarian Party,1
736,City of Midland Ward 3 Precinct 4,Straight Party,,U.S. Taxpayers Party,1
737,City of Midland Ward 3 Precinct 4,Straight Party,,Working Class Party,0
738,City of Midland Ward 3 Precinct 4,Straight Party,,Green Party,0
739,City of Midland Ward 3 Precinct 4,Straight Party,,Natural Law Party,0
740,City of Midland Ward 4 Precinct 1,Straight Party,,Democratic Party,248
741,City of Midland Ward 4 Precinct 1,Straight Party,,Republican Party,366
742,City of Midland Ward 4 Precinct 1,Straight Party,,Libertarian Party,4
743,City of Midland Ward 4 Precinct 1,Straight Party,,U.S. Taxpayers Party,0
744,City of Midland Ward 4 Precinct 1,Straight Party,,Working Class Party,1
745,City of Midland Ward 4 Precinct 1,Straight Party,,Green Party,0
746,City of Midland Ward 4 Precinct 1,Straight Party,,Natural Law Party,0
747,City of Midland Ward 4 Precinct 2,Straight Party,,Democratic Party,197
748,City of Midland Ward 4 Precinct 2,Straight Party,,Republican Party,213
749,City of Midland Ward 4 Precinct 2,Straight Party,,Libertarian Party,4
750,City of Midland Ward 4 Precinct 2,Straight Party,,U.S. Taxpayers Party,0
751,City of Midland Ward 4 Precinct 2,Straight Party,,Working Class Party,0
752,City of Midland Ward 4 Precinct 2,Straight Party,,Green Party,1
753,City of Midland Ward 4 Precinct 2,Straight Party,,Natural Law Party,0
754,City of Midland Ward 4 Precinct 3,Straight Party,,Democratic Party,264
755,City of Midland Ward 4 Precinct 3,Straight Party,,Republican Party,403
756,City of Midland Ward 4 Precinct 3,Straight Party,,Libertarian Party,5
757,City of Midland Ward 4 Precinct 3,Straight Party,,U.S. Taxpayers Party,0
758,City of Midland Ward 4 Precinct 3,Straight Party,,Working Class Party,2
759,City of Midland Ward 4 Precinct 3,Straight Party,,Green Party,2
760,City of Midland Ward 4 Precinct 3,Straight Party,,Natural Law Party,1
761,City of Midland Ward 4 Precinct 4,Straight Party,,Democratic Party,268
762,City of Midland Ward 4 Precinct 4,Straight Party,,Republican Party,336
763,City of Midland Ward 4 Precinct 4,Straight Party,,Libertarian Party,3
764,City of Midland Ward 4 Precinct 4,Straight Party,,U.S. Taxpayers Party,0
765,City of Midland Ward 4 Precinct 4,Straight Party,,Working Class Party,0
766,City of Midland Ward 4 Precinct 4,Straight Party,,Green Party,1
767,City of Midland Ward 4 Precinct 4,Straight Party,,Natural Law Party,0
768,City of Midland Ward 4 Precinct 5,Straight Party,,Democratic Party,312
769,City of Midland Ward 4 Precinct 5,Straight Party,,Republican Party,320
770,City of Midland Ward 4 Precinct 5,Straight Party,,Libertarian Party,2
771,City of Midland Ward 4 Precinct 5,Straight Party,,U.S. Taxpayers Party,1
772,City of Midland Ward 4 Precinct 5,Straight Party,,Working Class Party,0
773,City of Midland Ward 4 Precinct 5,Straight Party,,Green Party,0
774,City of Midland Ward 4 Precinct 5,Straight Party,,Natural Law Party,0
775,City of Midland Ward 5 Precinct 1,Straight Party,,Democratic Party,248
776,City of Midland Ward 5 Precinct 1,Straight Party,,Republican Party,317
777,City of Midland Ward 5 Precinct 1,Straight Party,,Libertarian Party,4
778,City of Midland Ward 5 Precinct 1,Straight Party,,U.S. Taxpayers Party,1
779,City of Midland Ward 5 Precinct 1,Straight Party,,Working Class Party,1
780,City of Midland Ward 5 Precinct 1,Straight Party,,Green Party,1
781,City of Midland Ward 5 Precinct 1,Straight Party,,Natural Law Party,0
782,City of Midland Ward 5 Precinct 2,Straight Party,,Democratic Party,241
783,City of Midland Ward 5 Precinct 2,Straight Party,,Republican Party,273
784,City of Midland Ward 5 Precinct 2,Straight Party,,Libertarian Party,5
785,City of Midland Ward 5 Precinct 2,Straight Party,,U.S. Taxpayers Party,1
786,City of Midland Ward 5 Precinct 2,Straight Party,,Working Class Party,2
787,City of Midland Ward 5 Precinct 2,Straight Party,,Green Party,1
788,City of Midland Ward 5 Precinct 2,Straight Party,,Natural Law Party,0
789,City of Midland Ward 5 Precinct 3,Straight Party,,Democratic Party,214
790,City of Midland Ward 5 Precinct 3,Straight Party,,Republican Party,284
791,City of Midland Ward 5 Precinct 3,Straight Party,,Libertarian Party,3
792,City of Midland Ward 5 Precinct 3,Straight Party,,U.S. Taxpayers Party,2
793,City of Midland Ward 5 Precinct 3,Straight Party,,Working Class Party,0
794,City of Midland Ward 5 Precinct 3,Straight Party,,Green Party,1
795,City of Midland Ward 5 Precinct 3,Straight Party,,Natural Law Party,0
796,City of Midland Ward 5 Precinct 4,Straight Party,,Democratic Party,173
797,City of Midland Ward 5 Precinct 4,Straight Party,,Republican Party,253
798,City of Midland Ward 5 Precinct 4,Straight Party,,Libertarian Party,3
799,City of Midland Ward 5 Precinct 4,Straight Party,,U.S. Taxpayers Party,0
800,City of Midland Ward 5 Precinct 4,Straight Party,,Working Class Party,1
801,City of Midland Ward 5 Precinct 4,Straight Party,,Green Party,0
802,City of Midland Ward 5 Precinct 4,Straight Party,,Natural Law Party,0
803,City of Midland Ward 5 Precinct 5,Straight Party,,Democratic Party,255
804,City of Midland Ward 5 Precinct 5,Straight Party,,Republican Party,302
805,City of Midland Ward 5 Precinct 5,Straight Party,,Libertarian Party,6
806,City of Midland Ward 5 Precinct 5,Straight Party,,U.S. Taxpayers Party,1
807,City of Midland Ward 5 Precinct 5,Straight Party,,Working Class Party,1
808,City of Midland Ward 5 Precinct 5,Straight Party,,Green Party,1
809,City of Midland Ward 5 Precinct 5,Straight Party,,Natural Law Party,0
810,Edenville Township Precinct 1,Straight Party,,Democratic Party,237
811,Edenville Township Precinct 1,Straight Party,,Republican Party,645
812,Edenville Township Precinct 1,Straight Party,,Libertarian Party,5
813,Edenville Township Precinct 1,Straight Party,,U.S. Taxpayers Party,0
814,Edenville Township Precinct 1,Straight Party,,Working Class Party,2
815,Edenville Township Precinct 1,Straight Party,,Green Party,0
816,Edenville Township Precinct 1,Straight Party,,Natural Law Party,0
817,Geneva Township Precinct 1,Straight Party,,Democratic Party,95
818,Geneva Township Precinct 1,Straight Party,,Republican Party,238
819,Geneva Township Precinct 1,Straight Party,,Libertarian Party,0
820,Geneva Township Precinct 1,Straight Party,,U.S. Taxpayers Party,0
821,Geneva Township Precinct 1,Straight Party,,Working Class Party,2
822,Geneva Township Precinct 1,Straight Party,,Green Party,0
823,Geneva Township Precinct 1,Straight Party,,Natural Law Party,0
824,Greendale Township Precinct 1,Straight Party,,Democratic Party,129
825,Greendale Township Precinct 1,Straight Party,,Republican Party,431
826,Greendale Township Precinct 1,Straight Party,,Libertarian Party,2
827,Greendale Township Precinct 1,Straight Party,,U.S. Taxpayers Party,1
828,Greendale Township Precinct 1,Straight Party,,Working Class Party,2
829,Greendale Township Precinct 1,Straight Party,,Green Party,0
830,Greendale Township Precinct 1,Straight Party,,Natural Law Party,0
831,Homer Township Precinct 1,Straight Party,,Democratic Party,123
832,Homer Township Precinct 1,Straight Party,,Republican Party,258
833,Homer Township Precinct 1,Straight Party,,Libertarian Party,4
834,Homer Township Precinct 1,Straight Party,,U.S. Taxpayers Party,0
835,Homer Township Precinct 1,Straight Party,,Working Class Party,4
836,Homer Township Precinct 1,Straight Party,,Green Party,1
837,Homer Township Precinct 1,Straight Party,,Natural Law Party,0
838,Homer Township Precinct 2,Straight Party,,Democratic Party,122
839,Homer Township Precinct 2,Straight Party,,Republican Party,251
840,Homer Township Precinct 2,Straight Party,,Libertarian Party,2
841,Homer Township Precinct 2,Straight Party,,U.S. Taxpayers Party,1
842,Homer Township Precinct 2,Straight Party,,Working Class Party,3
843,Homer Township Precinct 2,Straight Party,,Green Party,0
844,Homer Township Precinct 2,Straight Party,,Natural Law Party,0
845,Homer Township Precinct 3,Straight Party,,Democratic Party,157
846,Homer Township Precinct 3,Straight Party,,Republican Party,350
847,Homer Township Precinct 3,Straight Party,,Libertarian Party,6
848,Homer Township Precinct 3,Straight Party,,U.S. Taxpayers Party,0
849,Homer Township Precinct 3,Straight Party,,Working Class Party,1
850,Homer Township Precinct 3,Straight Party,,Green Party,1
851,Homer Township Precinct 3,Straight Party,,Natural Law Party,0
852,Hope Township Precinct 1,Straight Party,,Democratic Party,129
853,Hope Township Precinct 1,Straight Party,,Republican Party,371
854,Hope Township Precinct 1,Straight Party,,Libertarian Party,3
855,Hope Township Precinct 1,Straight Party,,U.S. Taxpayers Party,0
856,Hope Township Precinct 1,Straight Party,,Working Class Party,5
857,Hope Township Precinct 1,Straight Party,,Green Party,0
858,Hope Township Precinct 1,Straight Party,,Natural Law Party,0
859,Ingersoll Township Precinct 1,Straight Party,,Democratic Party,155
860,Ingersoll Township Precinct 1,Straight Party,,Republican Party,337
861,Ingersoll Township Precinct 1,Straight Party,,Libertarian Party,3
862,Ingersoll Township Precinct 1,Straight Party,,U.S. Taxpayers Party,0
863,Ingersoll Township Precinct 1,Straight Party,,Working Class Party,3
864,Ingersoll Township Precinct 1,Straight Party,,Green Party,1
865,Ingersoll Township Precinct 1,Straight Party,,Natural Law Party,0
866,Ingersoll Township Precinct 2,Straight Party,,Democratic Party,101
867,Ingersoll Township Precinct 2,Straight Party,,Republican Party,259
868,Ingersoll Township Precinct 2,Straight Party,,Libertarian Party,4
869,Ingersoll Township Precinct 2,Straight Party,,U.S. Taxpayers Party,1
870,Ingersoll Township Precinct 2,Straight Party,,Working Class Party,0
871,Ingersoll Township Precinct 2,Straight Party,,Green Party,0
872,Ingersoll Township Precinct 2,Straight Party,,Natural Law Party,0
873,Jasper Township Precinct 1,Straight Party,,Democratic Party,84
874,Jasper Township Precinct 1,Straight Party,,Republican Party,258
875,Jasper Township Precinct 1,Straight Party,,Libertarian Party,5
876,Jasper Township Precinct 1,Straight Party,,U.S. Taxpayers Party,0
877,Jasper Township Precinct 1,Straight Party,,Working Class Party,1
878,Jasper Township Precinct 1,Straight Party,,Green Party,0
879,Jasper Township Precinct 1,Straight Party,,Natural Law Party,0
880,Jerome Township Precinct 1,Straight Party,,Democratic Party,50
881,Jerome Township Precinct 1,Straight Party,,Republican Party,134
882,Jerome Township Precinct 1,Straight Party,,Libertarian Party,0
883,Jerome Township Precinct 1,Straight Party,,U.S. Taxpayers Party,0
884,Jerome Township Precinct 1,Straight Party,,Working Class Party,1
885,Jerome Township Precinct 1,Straight Party,,Green Party,0
886,Jerome Township Precinct 1,Straight Party,,Natural Law Party,0
887,Jerome Township Precinct 2,Straight Party,,Democratic Party,131
888,Jerome Township Precinct 2,Straight Party,,Republican Party,271
889,Jerome Township Precinct 2,Straight Party,,Libertarian Party,3
890,Jerome Township Precinct 2,Straight Party,,U.S. Taxpayers Party,1
891,Jerome Township Precinct 2,Straight Party,,Working Class Party,0
892,Jerome Township Precinct 2,Straight Party,,Green Party,1
893,Jerome Township Precinct 2,Straight Party,,Natural Law Party,0
894,Jerome Township Precinct 3,Straight Party,,Democratic Party,53
895,Jerome Township Precinct 3,Straight Party,,Republican Party,144
896,Jerome Township Precinct 3,Straight Party,,Libertarian Party,3
897,Jerome Township Precinct 3,Straight Party,,U.S. Taxpayers Party,2
898,Jerome Township Precinct 3,Straight Party,,Working Class Party,3
899,Jerome Township Precinct 3,Straight Party,,Green Party,0
900,Jerome Township Precinct 3,Straight Party,,Natural Law Party,0
901,Jerome Township Precinct 4,Straight Party,,Democratic Party,156
902,Jerome Township Precinct 4,Straight Party,,Republican Party,334
903,Jerome Township Precinct 4,Straight Party,,Libertarian Party,3
904,Jerome Township Precinct 4,Straight Party,,U.S. Taxpayers Party,3
905,Jerome Township Precinct 4,Straight Party,,Working Class Party,3
906,Jerome Township Precinct 4,Straight Party,,Green Party,1
907,Jerome Township Precinct 4,Straight Party,,Natural Law Party,1
908,Larkin Township Precinct 1,Straight Party,,Democratic Party,194
909,Larkin Township Precinct 1,Straight Party,,Republican Party,463
910,Larkin Township Precinct 1,Straight Party,,Libertarian Party,4
911,Larkin Township Precinct 1,Straight Party,,U.S. Taxpayers Party,2
912,Larkin Township Precinct 1,Straight Party,,Working Class Party,3
913,Larkin Township Precinct 1,Straight Party,,Green Party,0
914,Larkin Township Precinct 1,Straight Party,,Natural Law Party,0
915,Larkin Township Precinct 2,Straight Party,,Democratic Party,162
916,Larkin Township Precinct 2,Straight Party,,Republican Party,347
917,Larkin Township Precinct 2,Straight Party,,Libertarian Party,2
918,Larkin Township Precinct 2,Straight Party,,U.S. Taxpayers Party,0
919,Larkin Township Precinct 2,Straight Party,,Working Class Party,0
920,Larkin Township Precinct 2,Straight Party,,Green Party,0
921,Larkin Township Precinct 2,Straight Party,,Natural Law Party,0
922,Larkin Township Precinct 3,Straight Party,,Democratic Party,193
923,Larkin Township Precinct 3,Straight Party,,Republican Party,327
924,Larkin Township Precinct 3,Straight Party,,Libertarian Party,1
925,Larkin Township Precinct 3,Straight Party,,U.S. Taxpayers Party,0
926,Larkin Township Precinct 3,Straight Party,,Working Class Party,0
927,Larkin Township Precinct 3,Straight Party,,Green Party,0
928,Larkin Township Precinct 3,Straight Party,,Natural Law Party,0
929,Lee Township Precinct 1,Straight Party,,Democratic Party,167
930,Lee Township Precinct 1,Straight Party,,Republican Party,373
931,Lee Township Precinct 1,Straight Party,,Libertarian Party,0
932,Lee Township Precinct 1,Straight Party,,U.S. Taxpayers Party,1
933,Lee Township Precinct 1,Straight Party,,Working Class Party,5
934,Lee Township Precinct 1,Straight Party,,Green Party,1
935,Lee Township Precinct 1,Straight Party,,Natural Law Party,0
936,Lee Township Precinct 2,Straight Party,,Democratic Party,121
937,Lee Township Precinct 2,Straight Party,,Republican Party,370
938,Lee Township Precinct 2,Straight Party,,Libertarian Party,0
939,Lee Township Precinct 2,Straight Party,,U.S. Taxpayers Party,2
940,Lee Township Precinct 2,Straight Party,,Working Class Party,2
941,Lee Township Precinct 2,Straight Party,,Green Party,1
942,Lee Township Precinct 2,Straight Party,,Natural Law Party,0
943,Lincoln Township Precinct 1,Straight Party,,Democratic Party,246
944,Lincoln Township Precinct 1,Straight Party,,Republican Party,615
945,Lincoln Township Precinct 1,Straight Party,,Libertarian Party,5
946,Lincoln Township Precinct 1,Straight Party,,U.S. Taxpayers Party,1
947,Lincoln Township Precinct 1,Straight Party,,Working Class Party,3
948,Lincoln Township Precinct 1,Straight Party,,Green Party,2
949,Lincoln Township Precinct 1,Straight Party,,Natural Law Party,1
950,Midland Township Precinct 1,Straight Party,,Democratic Party,196
951,Midland Township Precinct 1,Straight Party,,Republican Party,493
952,Midland Township Precinct 1,Straight Party,,Libertarian Party,5
953,Midland Township Precinct 1,Straight Party,,U.S. Taxpayers Party,0
954,Midland Township Precinct 1,Straight Party,,Working Class Party,7
955,Midland Township Precinct 1,Straight Party,,Green Party,1
956,Midland Township Precinct 1,Straight Party,,Natural Law Party,3
957,Mills Township Precinct 1,Straight Party,,Democratic Party,165
958,Mills Township Precinct 1,Straight Party,,Republican Party,419
959,Mills Township Precinct 1,Straight Party,,Libertarian Party,5
960,Mills Township Precinct 1,Straight Party,,U.S. Taxpayers Party,0
961,Mills Township Precinct 1,Straight Party,,Working Class Party,5
962,Mills Township Precinct 1,Straight Party,,Green Party,0
963,Mills Township Precinct 1,Straight Party,,Natural Law Party,1
964,Mt. Haley Township Precinct 1,Straight Party,,Democratic Party,153
965,Mt. Haley Township Precinct 1,Straight Party,,Republican Party,395
966,Mt. Haley Township Precinct 1,Straight Party,,Libertarian Party,2
967,Mt. Haley Township Precinct 1,Straight Party,,U.S. Taxpayers Party,0
968,Mt. Haley Township Precinct 1,Straight Party,,Working Class Party,2
969,Mt. Haley Township Precinct 1,Straight Party,,Green Party,1
970,Mt. Haley Township Precinct 1,Straight Party,,Natural Law Party,1
971,Porter Township Precinct 1,Straight Party,,Democratic Party,81
972,Porter Township Precinct 1,Straight Party,,Republican Party,291
973,Porter Township Precinct 1,Straight Party,,Libertarian Party,3
974,Porter Township Precinct 1,Straight Party,,U.S. Taxpayers Party,0
975,Porter Township Precinct 1,Straight Party,,Working Class Party,4
976,Porter Township Precinct 1,Straight Party,,Green Party,0
977,Porter Township Precinct 1,Straight Party,,Natural Law Party,0
978,Warren Township Precinct 1,Straight Party,,Democratic Party,166
979,Warren Township Precinct 1,Straight Party,,Republican Party,487
980,Warren Township Precinct 1,Straight Party,,Libertarian Party,3
981,Warren Township Precinct 1,Straight Party,,U.S. Taxpayers Party,0
982,Warren Township Precinct 1,Straight Party,,Working Class Party,3
983,Warren Township Precinct 1,Straight Party,,Green Party,2
984,Warren Township Precinct 1,Straight Party,,Natural Law Party,0
985,Total,Straight Party,,Democratic Party,"9,156"
986,Total,Straight Party,,Republican Party,"15,872"
987,Total,Straight Party,,Libertarian Party,171
988,Total,Straight Party,,U.S. Taxpayers Party,33
989,Total,Straight Party,,Working Class Party,100
990,Total,Straight Party,,Green Party,39
991,Total,Straight Party,,Natural Law Party,13
992,City of Coleman Precinct 1,Rep in State Legislature ,99,John Zang,181
993,City of Coleman Precinct 1,Rep in State Legislature ,99,Roger Hauck,385
994,City of Coleman Precinct 1,Rep in State Legislature ,99,Melissa Noelle Lambert,17
995,City of Coleman Precinct 1,Rep in State Legislature ,99,Total write-in,2
996,Edenville Township Precinct 1,Rep in State Legislature ,99,John Zang,393
997,Edenville Township Precinct 1,Rep in State Legislature ,99,Roger Hauck,"1,076"
998,Edenville Township Precinct 1,Rep in State Legislature ,99,Melissa Noelle Lambert,30
999,Edenville Township Precinct 1,Rep in State Legislature ,99,Total write-in,1
1000,Geneva Township Precinct 1,Rep in State Legislature ,99,John Zang,163
1001,Geneva Township Precinct 1,Rep in State Legislature ,99,Roger Hauck,436
1002,Geneva Township Precinct 1,Rep in State Legislature ,99,Melissa Noelle Lambert,17
1003,Geneva Township Precinct 1,Rep in State Legislature ,99,Total write-in,0
1004,Greendale Township Precinct 1,Rep in State Legislature ,99,John Zang,187
1005,Greendale Township Precinct 1,Rep in State Legislature ,99,Roger Hauck,694
1006,Greendale Township Precinct 1,Rep in State Legislature ,99,Melissa Noelle Lambert,19
1007,Greendale Township Precinct 1,Rep in State Legislature ,99,Total write-in,1
1008,Hope Township Precinct 1,Rep in State Legislature ,99,John Zang,218
1009,Hope Township Precinct 1,Rep in State Legislature ,99,Roger Hauck,646
1010,Hope Township Precinct 1,Rep in State Legislature ,99,Melissa Noelle Lambert,16
1011,Hope Township Precinct 1,Rep in State Legislature ,99,Total write-in,3
1012,Ingersoll Township Precinct 1,Rep in State Legislature ,99,John Zang,278
1013,Ingersoll Township Precinct 1,Rep in State Legislature ,99,Roger Hauck,644
1014,Ingersoll Township Precinct 1,Rep in State Legislature ,99,Melissa Noelle Lambert,27
1015,Ingersoll Township Precinct 1,Rep in State Legislature ,99,Total write-in,0
1016,Ingersoll Township Precinct 2,Rep in State Legislature ,99,John Zang,190
1017,Ingersoll Township Precinct 2,Rep in State Legislature ,99,Roger Hauck,482
1018,Ingersoll Township Precinct 2,Rep in State Legislature ,99,Melissa Noelle Lambert,6
1019,Ingersoll Township Precinct 2,Rep in State Legislature ,99,Total Write-in,1
1020,Jasper Township Precinct 1,Rep in State Legislature ,99,John Zang,135
1021,Jasper Township Precinct 1,Rep in State Legislature ,99,Roger Hauck,427
1022,Jasper Township Precinct 1,Rep in State Legislature ,99,Melissa Noelle Lambert,7
1023,Jasper Township Precinct 1,Rep in State Legislature ,99,Total Write-in,2
1024,Mills Township Precinct 1,Rep in State Legislature ,99,John Zang,289
1025,Mills Township Precinct 1,Rep in State Legislature ,99,Roger Hauck,741
1026,Mills Township Precinct 1,Rep in State Legislature ,99,Melissa Noelle Lambert,28
1027,Mills Township Precinct 1,Rep in State Legislature ,99,Total Write-in,2
1028,Mt. Haley Township Precinct 1,Rep in State Legislature ,99,John Zang,270
1029,Mt. Haley Township Precinct 1,Rep in State Legislature ,99,Roger Hauck,681
1030,Mt. Haley Township Precinct 1,Rep in State Legislature ,99,Melissa Noelle Lambert,30
1031,Mt. Haley Township Precinct 1,Rep in State Legislature ,99,Total Write-in,4
1032,Porter Township Precinct 1,Rep in State Legislature ,99,John Zang,150
1033,Porter Township Precinct 1,Rep in State Legislature ,99,Roger Hauck,496
1034,Porter Township Precinct 1,Rep in State Legislature ,99,Melissa Noelle Lambert,12
1035,Porter Township Precinct 1,Rep in State Legislature ,99,Total Write-in,3
1036,Warren Township Precinct 1,Rep in State Legislature ,99,John Zang,258
1037,Warren Township Precinct 1,Rep in State Legislature ,99,Roger Hauck,824
1038,Warren Township Precinct 1,Rep in State Legislature ,99,Melissa Noelle Lambert,20
1039,Warren Township Precinct 1,Rep in State Legislature ,99,Total Write-in,1
1040,Total,Rep in State Legislature ,99,John Zang,"2,712"
1041,Total,Rep in State Legislature ,99,Roger Hauck,"7,532"
1042,Total,Rep in State Legislature ,99,Melissa Noelle Lambert,229
1043,Total,Rep in State Legislature ,99,Total Write-in,20
1044,City of Coleman Precinct 1,Rep in Congress ,4,Jerry Hilliard,182
1045,City of Coleman Precinct 1,Rep in Congress ,4,John Moolenaar,379
1046,City of Coleman Precinct 1,Rep in Congress ,4,David Canny,14
1047,City of Coleman Precinct 1,Rep in Congress ,4,Amy Slepr,10
1048,City of Coleman Precinct 1,Rep in Congress ,4,Total Write-in,2
1049,City of Midland Ward 1 Precinct 1,Rep in Congress ,4,Jerry Hilliard,320
1050,City of Midland Ward 1 Precinct 1,Rep in Congress ,4,John Moolenaar,391
1051,City of Midland Ward 1 Precinct 1,Rep in Congress ,4,David Canny,15
1052,City of Midland Ward 1 Precinct 1,Rep in Congress ,4,Amy Slepr,8
1053,City of Midland Ward 1 Precinct 1,Rep in Congress ,4,Total Write-in,0
1054,City of Midland Ward 1 Precinct 2,Rep in Congress ,4,Jerry Hilliard,531
1055,City of Midland Ward 1 Precinct 2,Rep in Congress ,4,John Moolenaar,605
1056,City of Midland Ward 1 Precinct 2,Rep in Congress ,4,David Canny,18
1057,City of Midland Ward 1 Precinct 2,Rep in Congress ,4,Amy Slepr,14
1058,City of Midland Ward 1 Precinct 2,Rep in Congress ,4,Total Write-in,1
1059,City of Midland Ward 1 Precinct 3,Rep in Congress ,4,Jerry Hilliard,145
1060,City of Midland Ward 1 Precinct 3,Rep in Congress ,4,John Moolenaar,194
1061,City of Midland Ward 1 Precinct 3,Rep in Congress ,4,David Canny,2
1062,City of Midland Ward 1 Precinct 3,Rep in Congress ,4,Amy Slepr,3
1063,City of Midland Ward 1 Precinct 3,Rep in Congress ,4,Total Write-in,2
1064,City of Midland Ward 1 Precinct 4,Rep in Congress ,4,Jerry Hilliard,379
1065,City of Midland Ward 1 Precinct 4,Rep in Congress ,4,John Moolenaar,585
1066,City of Midland Ward 1 Precinct 4,Rep in Congress ,4,David Canny,15
1067,City of Midland Ward 1 Precinct 4,Rep in Congress ,4,Amy Slepr,16
1068,City of Midland Ward 1 Precinct 4,Rep in Congress ,4,Total Write-in,2
1069,City of Midland Ward 1 Precinct 5,Rep in Congress ,4,Jerry Hilliard,254
1070,City of Midland Ward 1 Precinct 5,Rep in Congress ,4,John Moolenaar,366
1071,City of Midland Ward 1 Precinct 5,Rep in Congress ,4,David Canny,14
1072,City of Midland Ward 1 Precinct 5,Rep in Congress ,4,Amy Slepr,4
1073,City of Midland Ward 1 Precinct 5,Rep in Congress ,4,Total Write-in,0
1074,City of Midland Ward 2 Precinct 1,Rep in Congress ,4,Jerry Hilliard,485
1075,City of Midland Ward 2 Precinct 1,Rep in Congress ,4,John Moolenaar,527
1076,City of Midland Ward 2 Precinct 1,Rep in Congress ,4,David Canny,9
1077,City of Midland Ward 2 Precinct 1,Rep in Congress ,4,Amy Slepr,6
1078,City of Midland Ward 2 Precinct 1,Rep in Congress ,4,Total Write-in,0
1079,City of Midland Ward 2 Precinct 2,Rep in Congress ,4,Jerry Hilliard,536
1080,City of Midland Ward 2 Precinct 2,Rep in Congress ,4,John Moolenaar,604
1081,City of Midland Ward 2 Precinct 2,Rep in Congress ,4,David Canny,22
1082,City of Midland Ward 2 Precinct 2,Rep in Congress ,4,Amy Slepr,4
1083,City of Midland Ward 2 Precinct 2,Rep in Congress ,4,Total Write-in,4
1084,City of Midland Ward 2 Precinct 3,Rep in Congress ,4,Jerry Hilliard,385
1085,City of Midland Ward 2 Precinct 3,Rep in Congress ,4,John Moolenaar,477
1086,City of Midland Ward 2 Precinct 3,Rep in Congress ,4,David Canny,20
1087,City of Midland Ward 2 Precinct 3,Rep in Congress ,4,Amy Slepr,12
1088,City of Midland Ward 2 Precinct 3,Rep in Congress ,4,Total Write-in,4
1089,City of Midland Ward 2 Precinct 4,Rep in Congress ,4,Jerry Hilliard,491
1090,City of Midland Ward 2 Precinct 4,Rep in Congress ,4,John Moolenaar,734
1091,City of Midland Ward 2 Precinct 4,Rep in Congress ,4,David Canny,21
1092,City of Midland Ward 2 Precinct 4,Rep in Congress ,4,Amy Slepr,13
1093,City of Midland Ward 2 Precinct 4,Rep in Congress ,4,Total Write-in,3
1094,City of Midland Ward 3 Precinct 1,Rep in Congress ,4,Jerry Hilliard,470
1095,City of Midland Ward 3 Precinct 1,Rep in Congress ,4,John Moolenaar,643
1096,City of Midland Ward 3 Precinct 1,Rep in Congress ,4,David Canny,20
1097,City of Midland Ward 3 Precinct 1,Rep in Congress ,4,Amy Slepr,9
1098,City of Midland Ward 3 Precinct 1,Rep in Congress ,4,Total Write-in,0
1099,City of Midland Ward 3 Precinct 2,Rep in Congress ,4,Jerry Hilliard,485
1100,City of Midland Ward 3 Precinct 2,Rep in Congress ,4,John Moolenaar,645
1101,City of Midland Ward 3 Precinct 2,Rep in Congress ,4,David Canny,21
1102,City of Midland Ward 3 Precinct 2,Rep in Congress ,4,Amy Slepr,17
1103,City of Midland Ward 3 Precinct 2,Rep in Congress ,4,Total Write-in,0
1104,City of Midland Ward 3 Precinct 3,Rep in Congress ,4,Jerry Hilliard,379
1105,City of Midland Ward 3 Precinct 3,Rep in Congress ,4,John Moolenaar,702
1106,City of Midland Ward 3 Precinct 3,Rep in Congress ,4,David Canny,13
1107,City of Midland Ward 3 Precinct 3,Rep in Congress ,4,Amy Slepr,11
1108,City of Midland Ward 3 Precinct 3,Rep in Congress ,4,Total Write-in,0
1109,City of Midland Ward 3 Precinct 4,Rep in Congress ,4,Jerry Hilliard,527
1110,City of Midland Ward 3 Precinct 4,Rep in Congress ,4,John Moolenaar,896
1111,City of Midland Ward 3 Precinct 4,Rep in Congress ,4,David Canny,13
1112,City of Midland Ward 3 Precinct 4,Rep in Congress ,4,Amy Slepr,10
1113,City of Midland Ward 3 Precinct 4,Rep in Congress ,4,Total Write-in,0
1114,City of Midland Ward 4 Precinct 1,Rep in Congress ,4,Jerry Hilliard,495
1115,City of Midland Ward 4 Precinct 1,Rep in Congress ,4,John Moolenaar,686
1116,City of Midland Ward 4 Precinct 1,Rep in Congress ,4,David Canny,14
1117,City of Midland Ward 4 Precinct 1,Rep in Congress ,4,Amy Slepr,12
1118,City of Midland Ward 4 Precinct 1,Rep in Congress ,4,Total Write-in,0
1119,City of Midland Ward 4 Precinct 2,Rep in Congress ,4,Jerry Hilliard,401
1120,City of Midland Ward 4 Precinct 2,Rep in Congress ,4,John Moolenaar,499
1121,City of Midland Ward 4 Precinct 2,Rep in Congress ,4,David Canny,12
1122,City of Midland Ward 4 Precinct 2,Rep in Congress ,4,Amy Slepr,4
1123,City of Midland Ward 4 Precinct 2,Rep in Congress ,4,Total Write-in,0
1124,City of Midland Ward 4 Precinct 3,Rep in Congress ,4,Jerry Hilliard,539
1125,City of Midland Ward 4 Precinct 3,Rep in Congress ,4,John Moolenaar,827
1126,City of Midland Ward 4 Precinct 3,Rep in Congress ,4,David Canny,13
1127,City of Midland Ward 4 Precinct 3,Rep in Congress ,4,Amy Slepr,6
1128,City of Midland Ward 4 Precinct 3,Rep in Congress ,4,Total Write-in,0
1129,City of Midland Ward 4 Precinct 4,Rep in Congress ,4,Jerry Hilliard,532
1130,City of Midland Ward 4 Precinct 4,Rep in Congress ,4,John Moolenaar,681
1131,City of Midland Ward 4 Precinct 4,Rep in Congress ,4,David Canny,11
1132,City of Midland Ward 4 Precinct 4,Rep in Congress ,4,Amy Slepr,3
1133,City of Midland Ward 4 Precinct 4,Rep in Congress ,4,Total Write-in,1
1134,City of Midland Ward 4 Precinct 5,Rep in Congress ,4,Jerry Hilliard,544
1135,City of Midland Ward 4 Precinct 5,Rep in Congress ,4,John Moolenaar,694
1136,City of Midland Ward 4 Precinct 5,Rep in Congress ,4,David Canny,11
1137,City of Midland Ward 4 Precinct 5,Rep in Congress ,4,Amy Slepr,8
1138,City of Midland Ward 4 Precinct 5,Rep in Congress ,4,Total Write-in,2
1139,City of Midland Ward 5 Precinct 1,Rep in Congress ,4,Jerry Hilliard,474
1140,City of Midland Ward 5 Precinct 1,Rep in Congress ,4,John Moolenaar,628
1141,City of Midland Ward 5 Precinct 1,Rep in Congress ,4,David Canny,15
1142,City of Midland Ward 5 Precinct 1,Rep in Congress ,4,Amy Slepr,10
1143,City of Midland Ward 5 Precinct 1,Rep in Congress ,4,Total Write-in,0
1144,City of Midland Ward 5 Precinct 2,Rep in Congress ,4,Jerry Hilliard,452
1145,City of Midland Ward 5 Precinct 2,Rep in Congress ,4,John Moolenaar,561
1146,City of Midland Ward 5 Precinct 2,Rep in Congress ,4,David Canny,16
1147,City of Midland Ward 5 Precinct 2,Rep in Congress ,4,Amy Slepr,9
1148,City of Midland Ward 5 Precinct 2,Rep in Congress ,4,Total Write-in,1
1149,City of Midland Ward 5 Precinct 3,Rep in Congress ,4,Jerry Hilliard,425
1150,City of Midland Ward 5 Precinct 3,Rep in Congress ,4,John Moolenaar,605
1151,City of Midland Ward 5 Precinct 3,Rep in Congress ,4,David Canny,8
1152,City of Midland Ward 5 Precinct 3,Rep in Congress ,4,Amy Slepr,6
1153,City of Midland Ward 5 Precinct 3,Rep in Congress ,4,Total Write-in,0
1154,City of Midland Ward 5 Precinct 4,Rep in Congress ,4,Jerry Hilliard,354
1155,City of Midland Ward 5 Precinct 4,Rep in Congress ,4,John Moolenaar,529
1156,City of Midland Ward 5 Precinct 4,Rep in Congress ,4,David Canny,11
1157,City of Midland Ward 5 Precinct 4,Rep in Congress ,4,Amy Slepr,4
1158,City of Midland Ward 5 Precinct 4,Rep in Congress ,4,Total Write-in,0
1159,City of Midland Ward 5 Precinct 5,Rep in Congress ,4,Jerry Hilliard,434
1160,City of Midland Ward 5 Precinct 5,Rep in Congress ,4,John Moolenaar,539
1161,City of Midland Ward 5 Precinct 5,Rep in Congress ,4,David Canny,19
1162,City of Midland Ward 5 Precinct 5,Rep in Congress ,4,Amy Slepr,13
1163,City of Midland Ward 5 Precinct 5,Rep in Congress ,4,Total Write-in,1
1164,Edenville Township Precinct 1,Rep in Congress ,4,Jerry Hilliard,380
1165,Edenville Township Precinct 1,Rep in Congress ,4,John Moolenaar,"1,110"
1166,Edenville Township Precinct 1,Rep in Congress ,4,David Canny,15
1167,Edenville Township Precinct 1,Rep in Congress ,4,Amy Slepr,10
1168,Edenville Township Precinct 1,Rep in Congress ,4,Total Write-in,1
1169,Geneva Township Precinct 1,Rep in Congress ,4,Jerry Hilliard,167
1170,Geneva Township Precinct 1,Rep in Congress ,4,John Moolenaar,440
1171,Geneva Township Precinct 1,Rep in Congress ,4,David Canny,7
1172,Geneva Township Precinct 1,Rep in Congress ,4,Amy Slepr,9
1173,Geneva Township Precinct 1,Rep in Congress ,4,Total write-in,0
1174,Greendale Township Precinct 1,Rep in Congress ,4,Jerry Hilliard,196
1175,Greendale Township Precinct 1,Rep in Congress ,4,John Moolenaar,688
1176,Greendale Township Precinct 1,Rep in Congress ,4,David Canny,12
1177,Greendale Township Precinct 1,Rep in Congress ,4,Amy Slepr,9
1178,Greendale Township Precinct 1,Rep in Congress ,4,Total write-in,0
1179,Homer Township Precinct 1,Rep in Congress ,4,Jerry Hilliard,235
1180,Homer Township Precinct 1,Rep in Congress ,4,John Moolenaar,504
1181,Homer Township Precinct 1,Rep in Congress ,4,David Canny,9
1182,Homer Township Precinct 1,Rep in Congress ,4,Amy Slepr,7
1183,Homer Township Precinct 1,Rep in Congress ,4,Total write-in,0
1184,Homer Township Precinct 2,Rep in Congress ,4,Jerry Hilliard,233
1185,Homer Township Precinct 2,Rep in Congress ,4,John Moolenaar,510
1186,Homer Township Precinct 2,Rep in Congress ,4,David Canny,12
1187,Homer Township Precinct 2,Rep in Congress ,4,Amy Slepr,2
1188,Homer Township Precinct 2,Rep in Congress ,4,Total write-in,1
1189,Homer Township Precinct 3,Rep in Congress ,4,Jerry Hilliard,294
1190,Homer Township Precinct 3,Rep in Congress ,4,John Moolenaar,655
1191,Homer Township Precinct 3,Rep in Congress ,4,David Canny,18
1192,Homer Township Precinct 3,Rep in Congress ,4,Amy Slepr,5
1193,Homer Township Precinct 3,Rep in Congress ,4,Total write-in,1
1194,Hope Township Precinct 1,Rep in Congress ,4,Jerry Hilliard,210
1195,Hope Township Precinct 1,Rep in Congress ,4,John Moolenaar,667
1196,Hope Township Precinct 1,Rep in Congress ,4,David Canny,12
1197,Hope Township Precinct 1,Rep in Congress ,4,Amy Slepr,2
1198,Hope Township Precinct 1,Rep in Congress ,4,Total write-in,1
1199,Ingersoll Township Precinct 1,Rep in Congress ,4,Jerry Hilliard,262
1200,Ingersoll Township Precinct 1,Rep in Congress ,4,John Moolenaar,666
1201,Ingersoll Township Precinct 1,Rep in Congress ,4,David Canny,23
1202,Ingersoll Township Precinct 1,Rep in Congress ,4,Amy Slepr,10
1203,Ingersoll Township Precinct 1,Rep in Congress ,4,Total write-in,1
1204,Ingersoll Township Precinct 2,Rep in Congress ,4,Jerry Hilliard,184
1205,Ingersoll Township Precinct 2,Rep in Congress ,4,John Moolenaar,482
1206,Ingersoll Township Precinct 2,Rep in Congress ,4,David Canny,9
1207,Ingersoll Township Precinct 2,Rep in Congress ,4,Amy Slepr,7
1208,Ingersoll Township Precinct 2,Rep in Congress ,4,Total write-in,0
1209,Jasper Township Precinct 1,Rep in Congress ,4,Jerry Hilliard,140
1210,Jasper Township Precinct 1,Rep in Congress ,4,John Moolenaar,423
1211,Jasper Township Precinct 1,Rep in Congress ,4,David Canny,9
1212,Jasper Township Precinct 1,Rep in Congress ,4,Amy Slepr,4
1213,Jasper Township Precinct 1,Rep in Congress ,4,Total write-in,2
1214,Jerome Township Precinct 1,Rep in Congress ,4,Jerry Hilliard,109
1215,Jerome Township Precinct 1,Rep in Congress ,4,John Moolenaar,287
1216,Jerome Township Precinct 1,Rep in Congress ,4,David Canny,4
1217,Jerome Township Precinct 1,Rep in Congress ,4,Amy Slepr,3
1218,Jerome Township Precinct 1,Rep in Congress ,4,Total write-in,1
1219,Jerome Township Precinct 2,Rep in Congress ,4,Jerry Hilliard,275
1220,Jerome Township Precinct 2,Rep in Congress ,4,John Moolenaar,544
1221,Jerome Township Precinct 2,Rep in Congress ,4,David Canny,8
1222,Jerome Township Precinct 2,Rep in Congress ,4,Amy Slepr,7
1223,Jerome Township Precinct 2,Rep in Congress ,4,Total write-in,0
1224,Jerome Township Precinct 3,Rep in Congress ,4,Jerry Hilliard,100
1225,Jerome Township Precinct 3,Rep in Congress ,4,John Moolenaar,268
1226,Jerome Township Precinct 3,Rep in Congress ,4,David Canny,3
1227,Jerome Township Precinct 3,Rep in Congress ,4,Amy Slepr,1
1228,Jerome Township Precinct 3,Rep in Congress ,4,Total write-in,0
1229,Jerome Township Precinct 4,Rep in Congress ,4,Jerry Hilliard,256
1230,Jerome Township Precinct 4,Rep in Congress ,4,John Moolenaar,647
1231,Jerome Township Precinct 4,Rep in Congress ,4,David Canny,10
1232,Jerome Township Precinct 4,Rep in Congress ,4,Amy Slepr,11
1233,Jerome Township Precinct 4,Rep in Congress ,4,Total write-in,0
1234,Larkin Township Precinct 1,Rep in Congress ,4,Jerry Hilliard,362
1235,Larkin Township Precinct 1,Rep in Congress ,4,John Moolenaar,947
1236,Larkin Township Precinct 1,Rep in Congress ,4,David Canny,15
1237,Larkin Township Precinct 1,Rep in Congress ,4,Amy Slepr,6
1238,Larkin Township Precinct 1,Rep in Congress ,4,Total write-in,1
1239,Larkin Township Precinct 2,Rep in Congress ,4,Jerry Hilliard,342
1240,Larkin Township Precinct 2,Rep in Congress ,4,John Moolenaar,753
1241,Larkin Township Precinct 2,Rep in Congress ,4,David Canny,11
1242,Larkin Township Precinct 2,Rep in Congress ,4,Amy Slepr,9
1243,Larkin Township Precinct 2,Rep in Congress ,4,Total write-in,0
1244,Larkin Township Precinct 3,Rep in Congress ,4,Jerry Hilliard,351
1245,Larkin Township Precinct 3,Rep in Congress ,4,John Moolenaar,649
1246,Larkin Township Precinct 3,Rep in Congress ,4,David Canny,9
1247,Larkin Township Precinct 3,Rep in Congress ,4,Amy Slepr,9
1248,Larkin Township Precinct 3,Rep in Congress ,4,Total write-in,1
1249,Lee Township Precinct 1,Rep in Congress ,4,Jerry Hilliard,288
1250,Lee Township Precinct 1,Rep in Congress ,4,John Moolenaar,768
1251,Lee Township Precinct 1,Rep in Congress ,4,David Canny,14
1252,Lee Township Precinct 1,Rep in Congress ,4,Amy Slepr,14
1253,Lee Township Precinct 1,Rep in Congress ,4,Total write-in,3
1254,Lee Township Precinct 2,Rep in Congress ,4,Jerry Hilliard,229
1255,Lee Township Precinct 2,Rep in Congress ,4,John Moolenaar,694
1256,Lee Township Precinct 2,Rep in Congress ,4,David Canny,11
1257,Lee Township Precinct 2,Rep in Congress ,4,Amy Slepr,5
1258,Lee Township Precinct 2,Rep in Congress ,4,Total write-in,1
1259,Lincoln Township Precinct 1,Rep in Congress ,4,Jerry Hilliard,440
1260,Lincoln Township Precinct 1,Rep in Congress ,4,John Moolenaar,"1,103"
1261,Lincoln Township Precinct 1,Rep in Congress ,4,David Canny,19
1262,Lincoln Township Precinct 1,Rep in Congress ,4,Amy Slepr,13
1263,Lincoln Township Precinct 1,Rep in Congress ,4,Total write-in,2
1264,Midland Township Precinct 1,Rep in Congress ,4,Jerry Hilliard,367
1265,Midland Township Precinct 1,Rep in Congress ,4,John Moolenaar,935
1266,Midland Township Precinct 1,Rep in Congress ,4,David Canny,12
1267,Midland Township Precinct 1,Rep in Congress ,4,Amy Slepr,6
1268,Midland Township Precinct 1,Rep in Congress ,4,Total write-in,2
1269,Mills Township Precinct 1,Rep in Congress ,4,Jerry Hilliard,289
1270,Mills Township Precinct 1,Rep in Congress ,4,John Moolenaar,769
1271,Mills Township Precinct 1,Rep in Congress ,4,David Canny,13
1272,Mills Township Precinct 1,Rep in Congress ,4,Amy Slepr,3
1273,Mills Township Precinct 1,Rep in Congress ,4,Total write-in,1
1274,Mt. Haley Township Precinct 1,Rep in Congress ,4,Jerry Hilliard,259
1275,Mt. Haley Township Precinct 1,Rep in Congress ,4,John Moolenaar,715
1276,Mt. Haley Township Precinct 1,Rep in Congress ,4,David Canny,10
1277,Mt. Haley Township Precinct 1,Rep in Congress ,4,Amy Slepr,8
1278,Mt. Haley Township Precinct 1,Rep in Congress ,4,Total write-in,3
1279,Porter Township Precinct 1,Rep in Congress ,4,Jerry Hilliard,150
1280,Porter Township Precinct 1,Rep in Congress ,4,John Moolenaar,497
1281,Porter Township Precinct 1,Rep in Congress ,4,David Canny,5
1282,Porter Township Precinct 1,Rep in Congress ,4,Amy Slepr,10
1283,Porter Township Precinct 1,Rep in Congress ,4,Total write-in,1
1284,Warren Township Precinct 1,Rep in Congress ,4,Jerry Hilliard,263
1285,Warren Township Precinct 1,Rep in Congress ,4,John Moolenaar,815
1286,Warren Township Precinct 1,Rep in Congress ,4,David Canny,18
1287,Warren Township Precinct 1,Rep in Congress ,4,Amy Slepr,5
1288,Warren Township Precinct 1,Rep in Congress ,4,Total write-in,0
1289,Total,Rep in Congress ,4,Jerry Hilliard,"16,600"
1290,Total,Rep in Congress ,4,John Moolenaar,"30,533"
1291,Total,Rep in Congress ,4,David Canny,635
1292,Total,Rep in Congress ,4,Amy Slepr,387
1293,Total,Rep in Congress ,4,Total write-in,46
